epoch,lr,step,train_loss,val_loss
0,2.4000000848900527e-05,49,229.64622497558594,
0,,49,,231.26353454589844
0,4.8999998398358e-05,99,210.55694580078125,
0,,99,,210.71607971191406
0,7.400000322377309e-05,149,175.45379638671875,
0,,149,,179.46421813964844
0,9.899999713525176e-05,199,139.70770263671875,
0,,199,,140.15994262695312
0,0.00012399999832268804,249,96.30574035644531,
0,,249,,97.05108642578125
0,0.00014899999951012433,299,62.47792053222656,
0,,299,,62.43764114379883
0,0.0001740000006975606,349,48.949485778808594,
0,,349,,48.95596694946289
0,0.0001990000018849969,399,45.16208267211914,
0,,399,,45.52095413208008
0,0.00022400000307243317,449,43.27888107299805,
0,,449,,43.33907699584961
0,0.00024900000425986946,499,41.45562744140625,
0,,499,,41.38396072387695
0,0.0002739999908953905,549,39.427425384521484,
0,,549,,39.49110794067383
0,0.000299000006634742,599,38.066287994384766,
0,,599,,37.574947357177734
0,0.0003239999932702631,649,35.62568283081055,
0,,649,,35.60234832763672
0,0.0003490000090096146,699,33.59489440917969,
0,,699,,33.55738830566406
0,0.00037399999564513564,749,31.552812576293945,
0,,749,,31.505151748657227
0,0.00039900001138448715,799,29.081005096435547,
0,,799,,29.521074295043945
0,0.0004239999980200082,849,27.95017433166504,
0,,849,,27.6912784576416
0,0.0004490000137593597,899,25.906118392944336,
0,,899,,26.033472061157227
0,0.00047400000039488077,949,24.430204391479492,
0,,949,,24.51015281677246
0,0.0004990000161342323,999,23.060590744018555,
0,,999,,23.022031784057617
0,0.0005239999736659229,1049,21.762441635131836,
0,,1049,,21.487396240234375
0,0.0005489999894052744,1099,19.959997177124023,
0,,1099,,19.822628021240234
0,0.0005740000051446259,1149,17.916296005249023,
0,,1149,,17.969072341918945
0,0.0005990000208839774,1199,15.700437545776367,
0,,1199,,15.905203819274902
0,0.000623999978415668,1249,13.537554740905762,
0,,1249,,13.61895751953125
0,0.0006489999941550195,1299,10.953014373779297,
0,,1299,,10.931631088256836
0,0.000674000009894371,1349,7.748392105102539,
0,,1349,,7.7420268058776855
0,0.0006990000256337225,1399,4.827643871307373,
0,,1399,,4.8841233253479
0,0.0007239999831654131,1449,3.059737205505371,
0,,1449,,3.1011078357696533
0,0.0007489999989047647,1499,2.17022967338562,
0,,1499,,2.1715378761291504
0,0.0007740000146441162,1549,1.8271836042404175,
0,,1549,,1.8343919515609741
0,0.0007989999721758068,1599,1.5688010454177856,
0,,1599,,1.6207321882247925
0,0.0008239999879151583,1649,1.4712755680084229,
0,,1649,,1.4492491483688354
0,0.0008490000036545098,1699,1.3141354322433472,
0,,1699,,1.3071608543395996
0,0.0008740000193938613,1749,1.160770058631897,
0,,1749,,1.1845961809158325
0,0.0008989999769255519,1799,1.1056593656539917,
0,,1799,,1.0771321058273315
0,0.0009239999926649034,1849,0.9548230171203613,
0,,1849,,0.9808877110481262
0,0.0009490000084042549,1899,0.8681479096412659,
0,,1899,,0.8943744897842407
0,0.0009740000241436064,1949,0.8171367049217224,
0,,1949,,0.8093913197517395
0,0.000999000039882958,1999,0.7039981484413147,
0,,1999,,0.7326593399047852
0,0.0010000000474974513,2049,0.6462703943252563,
0,,2049,,0.6598366498947144
0,0.0010000000474974513,2099,0.5702614784240723,
0,,2099,,0.5955117344856262
0,0.0010000000474974513,2149,0.5236389636993408,
0,,2149,,0.5373277068138123
0,0.0010000000474974513,2199,0.46495991945266724,
0,,2199,,0.48768749833106995
0,0.0010000000474974513,2249,0.436711847782135,
0,,2249,,0.44694778323173523
0,0.0010000000474974513,2299,0.4077361822128296,
0,,2299,,0.4067496657371521
0,0.0010000000474974513,2349,0.37326014041900635,
0,,2349,,0.3802846670150757
0,0.0010000000474974513,2399,0.34474775195121765,
0,,2399,,0.3643227517604828
0,0.0010000000474974513,2449,0.3049672842025757,
0,,2449,,0.31611478328704834
0,0.0010000000474974513,2499,0.2903643548488617,
0,,2499,,0.295057475566864
0,0.0010000000474974513,2549,0.25935328006744385,
0,,2549,,0.26873037219047546
0,0.0010000000474974513,2599,0.25101569294929504,
0,,2599,,0.2542438805103302
0,0.0010000000474974513,2649,0.21678443253040314,
0,,2649,,0.2270973026752472
0,0.0010000000474974513,2699,0.1999291181564331,
0,,2699,,0.20712564885616302
0,0.0010000000474974513,2749,0.20167919993400574,
0,,2749,,0.2003006488084793
0,0.0010000000474974513,2799,0.1640625149011612,
0,,2799,,0.17256802320480347
0,0.0010000000474974513,2849,0.14897926151752472,
0,,2849,,0.1576365977525711
0,0.0010000000474974513,2899,0.14406129717826843,
0,,2899,,0.14872586727142334
0,0.0010000000474974513,2949,0.13307446241378784,
0,,2949,,0.1399565041065216
0,0.0010000000474974513,2999,0.12294430285692215,
0,,2999,,0.1290411353111267
0,0.0010000000474974513,3049,0.11829301714897156,
0,,3049,,0.11969158053398132
0,0.0010000000474974513,3099,0.11040085554122925,
0,,3099,,0.11541717499494553
0,0.0010000000474974513,3149,0.10558938980102539,
0,,3149,,0.10782879590988159
0,0.0010000000474974513,3199,0.10978749394416809,
0,,3199,,0.11146164685487747
0,0.0010000000474974513,3249,0.10140381008386612,
0,,3249,,0.10356835275888443
0,0.0010000000474974513,3299,0.10061468929052353,
0,,3299,,0.10572519898414612
0,0.0010000000474974513,3349,0.09436261653900146,
0,,3349,,0.09457872807979584
0,0.0010000000474974513,3399,0.10470160841941833,
0,,3399,,0.10117610543966293
0,0.0010000000474974513,3449,0.09178654849529266,
0,,3449,,0.09040102362632751
0,0.0010000000474974513,3499,0.08377895504236221,
0,,3499,,0.08591506630182266
0,0.0010000000474974513,3549,0.10320955514907837,
0,,3549,,0.10932715982198715
0,0.0010000000474974513,3599,0.07976303994655609,
0,,3599,,0.0799943208694458
0,0.0010000000474974513,3649,0.07800671458244324,
0,,3649,,0.08322948962450027
0,0.0010000000474974513,3699,0.08940523117780685,
0,,3699,,0.08918655663728714
0,0.0010000000474974513,3749,0.07978636771440506,
0,,3749,,0.07616332918405533
0,0.0010000000474974513,3799,0.07078085094690323,
0,,3799,,0.07340215891599655
0,0.0010000000474974513,3849,0.06970111280679703,
0,,3849,,0.07472019642591476
0,0.0010000000474974513,3899,0.071070097386837,
0,,3899,,0.07072372734546661
0,0.0010000000474974513,3949,0.08305145800113678,
0,,3949,,0.08082286268472672
0,0.0010000000474974513,3999,0.07519654929637909,
0,,3999,,0.07567266374826431
0,0.0010000000474974513,4049,0.06764192134141922,
0,,4049,,0.06906671822071075
0,0.0010000000474974513,4099,0.07103224843740463,
0,,4099,,0.07627087831497192
0,0.0010000000474974513,4149,0.06361019611358643,
0,,4149,,0.06802598387002945
0,0.0010000000474974513,4199,0.06020030751824379,
0,,4199,,0.06328394263982773
0,0.0010000000474974513,4249,0.06412344425916672,
0,,4249,,0.07030154764652252
0,0.0010000000474974513,4299,0.05840875580906868,
0,,4299,,0.06058881804347038
0,0.0010000000474974513,4349,0.058841414749622345,
0,,4349,,0.059303753077983856
0,0.0010000000474974513,4399,0.06076661869883537,
0,,4399,,0.06447737663984299
0,0.0010000000474974513,4449,0.05567123740911484,
0,,4449,,0.0594916008412838
0,0.0010000000474974513,4499,0.05361629277467728,
0,,4499,,0.057016488164663315
0,0.0010000000474974513,4549,0.09328775107860565,
0,,4549,,0.08152911067008972
0,0.0010000000474974513,4599,0.05533914268016815,
0,,4599,,0.059289101511240005
0,0.0010000000474974513,4649,0.056915972381830215,
0,,4649,,0.0615234300494194
0,0.0010000000474974513,4699,0.05030285194516182,
0,,4699,,0.053276751190423965
0,0.0010000000474974513,4749,0.057102665305137634,
0,,4749,,0.05633362755179405
0,0.0010000000474974513,4799,0.05078235641121864,
0,,4799,,0.05154931917786598
0,0.0010000000474974513,4849,0.07578618824481964,
0,,4849,,0.07812201976776123
0,0.0010000000474974513,4899,0.04715792089700699,
0,,4899,,0.05027451366186142
0,0.0010000000474974513,4949,0.050107087939977646,
0,,4949,,0.05231959745287895
0,0.0010000000474974513,4999,0.0562773197889328,
0,,4999,,0.055165570229291916
0,0.0010000000474974513,5049,0.04739068076014519,
0,,5049,,0.050451427698135376
0,0.0010000000474974513,5099,0.06012127920985222,
0,,5099,,0.06336887180805206
0,0.0010000000474974513,5149,0.045047659426927567,
0,,5149,,0.04716629162430763
0,0.0010000000474974513,5199,0.048104166984558105,
0,,5199,,0.04882126674056053
0,0.0010000000474974513,5249,0.05297776684165001,
0,,5249,,0.04968412593007088
0,0.0010000000474974513,5299,0.044035058468580246,
0,,5299,,0.046026092022657394
0,0.0010000000474974513,5349,0.05121519789099693,
0,,5349,,0.053460296243429184
0,0.0010000000474974513,5399,0.051875583827495575,
0,,5399,,0.058188170194625854
0,0.0010000000474974513,5449,0.04044743999838829,
0,,5449,,0.04406574368476868
0,0.0010000000474974513,5499,0.04238363355398178,
0,,5499,,0.042707957327365875
0,0.0010000000474974513,5549,0.04372570291161537,
0,,5549,,0.04582112282514572
0,0.0010000000474974513,5599,0.03970370441675186,
0,,5599,,0.04140317812561989
0,0.0010000000474974513,5649,0.04063165560364723,
0,,5649,,0.04178694263100624
0,0.0010000000474974513,5699,0.07102709263563156,
0,,5699,,0.055559299886226654
0,0.0010000000474974513,5749,0.04049976170063019,
0,,5749,,0.04012272506952286
0,0.0010000000474974513,5799,0.03914795443415642,
0,,5799,,0.04159475862979889
0,0.0010000000474974513,5849,0.04360530152916908,
0,,5849,,0.04287295415997505
0,0.0010000000474974513,5899,0.03922964632511139,
0,,5899,,0.0379517562687397
0,0.0010000000474974513,5949,0.03562087565660477,
0,,5949,,0.03748959302902222
0,0.0010000000474974513,5999,0.05048273503780365,
0,,5999,,0.05143633484840393
0,0.0010000000474974513,6049,0.036965955048799515,
0,,6049,,0.03790812939405441
0,0.0010000000474974513,6099,0.04998267441987991,
0,,6099,,0.05271737277507782
0,0.0010000000474974513,6149,0.03912937268614769,
0,,6149,,0.039334628731012344
0,0.0010000000474974513,6199,0.03694600239396095,
0,,6199,,0.03883540630340576
0,0.0010000000474974513,6249,0.032187625765800476,
0,,6249,,0.034819770604372025
0,0.0010000000474974513,6299,0.09343143552541733,
0,,6299,,0.0538945347070694
0,0.0010000000474974513,6349,0.032890573143959045,
0,,6349,,0.03390301391482353
0,0.0010000000474974513,6399,0.03189152851700783,
0,,6399,,0.03355874493718147
0,0.0010000000474974513,6449,0.033437348902225494,
0,,6449,,0.03351353108882904
0,0.0010000000474974513,6499,0.034415747970342636,
0,,6499,,0.033158060163259506
0,0.0010000000474974513,6549,0.034140799194574356,
0,,6549,,0.03302106633782387
0,0.0010000000474974513,6599,0.11161715537309647,
0,,6599,,0.09954044967889786
0,0.0010000000474974513,6649,0.030834732577204704,
0,,6649,,0.03172224760055542
0,0.0010000000474974513,6699,0.03216136246919632,
0,,6699,,0.03572803735733032
0,0.0010000000474974513,6749,0.03296205773949623,
0,,6749,,0.03504742681980133
0,0.0010000000474974513,6799,0.02940286323428154,
0,,6799,,0.030835142359137535
0,0.0010000000474974513,6849,0.03688352182507515,
0,,6849,,0.03769068047404289
0,0.0010000000474974513,6899,0.02913106419146061,
0,,6899,,0.030512681230902672
0,0.0010000000474974513,6949,0.02887025475502014,
0,,6949,,0.03050079382956028
0,0.0010000000474974513,6999,0.030871892347931862,
0,,6999,,0.03000151738524437
0,0.0010000000474974513,7049,0.02902342565357685,
0,,7049,,0.029162438586354256
0,0.0010000000474974513,7099,0.027474699541926384,
0,,7099,,0.02837030217051506
0,0.0010000000474974513,7149,0.027836274355649948,
0,,7149,,0.0294606015086174
0,0.0010000000474974513,7199,0.027323231101036072,
0,,7199,,0.028218191117048264
0,0.0010000000474974513,7249,0.027186477556824684,
0,,7249,,0.027965348213911057
0,0.0010000000474974513,7299,0.03082607500255108,
0,,7299,,0.03141077607870102
0,0.0010000000474974513,7349,0.029392732307314873,
0,,7349,,0.030376000329852104
0,0.0010000000474974513,7399,0.026205718517303467,
0,,7399,,0.026491286233067513
0,0.0010000000474974513,7449,0.02907170169055462,
0,,7449,,0.03149041160941124
0,0.0010000000474974513,7499,0.027665168046951294,
0,,7499,,0.028710676357150078
0,0.0010000000474974513,7549,0.03203897178173065,
0,,7549,,0.03315204009413719
0,0.0010000000474974513,7599,0.027964338660240173,
0,,7599,,0.032896626740694046
0,0.0010000000474974513,7649,0.024517502635717392,
0,,7649,,0.025106068700551987
0,0.0010000000474974513,7699,0.024420244619250298,
0,,7699,,0.025301529094576836
0,0.0010000000474974513,7749,0.02801644802093506,
0,,7749,,0.031534433364868164
0,0.0010000000474974513,7799,0.02598002925515175,
0,,7799,,0.026712629944086075
0,0.0010000000474974513,7849,0.024917475879192352,
0,,7849,,0.025171011686325073
0,0.0010000000474974513,7899,0.02462059073150158,
0,,7899,,0.024792969226837158
0,0.0010000000474974513,7949,0.024087704718112946,
0,,7949,,0.024068128317594528
0,0.0010000000474974513,7999,0.023683881387114525,
0,,7999,,0.029045410454273224
0,0.0010000000474974513,8049,0.02717086859047413,
0,,8049,,0.027604229748249054
0,0.0010000000474974513,8099,0.028894925490021706,
0,,8099,,0.028181588277220726
0,0.0010000000474974513,8149,0.023815063759684563,
0,,8149,,0.024575339630246162
0,0.0010000000474974513,8199,0.02294963411986828,
0,,8199,,0.024618150666356087
0,0.0010000000474974513,8249,0.022395137697458267,
0,,8249,,0.02302253618836403
0,0.0010000000474974513,8299,0.05151066929101944,
0,,8299,,0.05231233313679695
0,0.0010000000474974513,8349,0.022026872262358665,
0,,8349,,0.023306474089622498
0,0.0010000000474974513,8399,0.02245590090751648,
0,,8399,,0.024466749280691147
0,0.0010000000474974513,8449,0.024339664727449417,
0,,8449,,0.02522696740925312
0,0.0010000000474974513,8499,0.02405562438070774,
0,,8499,,0.02350160852074623
0,0.0010000000474974513,8549,0.02422538958489895,
0,,8549,,0.024998068809509277
0,0.0010000000474974513,8599,0.029929468408226967,
0,,8599,,0.031200146302580833
0,0.0010000000474974513,8649,0.021092306822538376,
0,,8649,,0.02130291238427162
0,0.0010000000474974513,8699,0.0217685978859663,
0,,8699,,0.021708521991968155
0,0.0010000000474974513,8749,0.02192501537501812,
0,,8749,,0.022745860740542412
0,0.0010000000474974513,8799,0.02043989486992359,
0,,8799,,0.02088262140750885
0,0.0010000000474974513,8849,0.04593367874622345,
0,,8849,,0.023130862042307854
0,0.0010000000474974513,8899,0.020972533151507378,
0,,8899,,0.021481314674019814
0,0.0010000000474974513,8949,0.023917891085147858,
0,,8949,,0.023871412500739098
0,0.0010000000474974513,8999,0.049343861639499664,
0,,8999,,0.04591026529669762
0,0.0010000000474974513,9049,0.025254521518945694,
0,,9049,,0.024858437478542328
0,0.0010000000474974513,9099,0.022454826161265373,
0,,9099,,0.02213471569120884
0,0.0010000000474974513,9149,0.03134718909859657,
0,,9149,,0.030726425349712372
0,0.0010000000474974513,9199,0.024299325421452522,
0,,9199,,0.02210956998169422
0,0.0010000000474974513,9249,0.02309751696884632,
0,,9249,,0.02343582920730114
0,0.0010000000474974513,9299,0.02046673744916916,
0,,9299,,0.021145209670066833
0,0.0010000000474974513,9349,0.019874930381774902,
0,,9349,,0.01977144181728363
0,0.0010000000474974513,9399,0.018143681809306145,
0,,9399,,0.01892760954797268
0,0.0010000000474974513,9449,0.021432459354400635,
0,,9449,,0.01964838057756424
0,0.0010000000474974513,9499,0.01894901879131794,
0,,9499,,0.01937529630959034
0,0.0010000000474974513,9549,0.052565157413482666,
0,,9549,,0.05274427309632301
0,0.0010000000474974513,9599,0.01946166343986988,
0,,9599,,0.020048895850777626
0,0.0010000000474974513,9649,0.024474458768963814,
0,,9649,,0.025879498571157455
0,0.0010000000474974513,9699,0.01820344664156437,
0,,9699,,0.018170099705457687
0,0.0010000000474974513,9749,0.020494023337960243,
0,,9749,,0.021043099462985992
0,0.0010000000474974513,9799,0.02169683203101158,
0,,9799,,0.023525482043623924
0,0.0010000000474974513,9849,0.032374002039432526,
0,,9849,,0.0390014722943306
0,0.0010000000474974513,9899,0.01818334497511387,
0,,9899,,0.019002923741936684
0,0.0010000000474974513,9949,0.015930600464344025,
0,,9949,,0.017019279301166534
0,0.0010000000474974513,9999,0.017357809469103813,
0,,9999,,0.02149641141295433
0,0.0010000000474974513,10049,0.016109229996800423,
0,,10049,,0.016918059438467026
0,0.0010000000474974513,10099,0.016767678782343864,
0,,10099,,0.016912730410695076
0,0.0010000000474974513,10149,0.016745364293456078,
0,,10149,,0.018495086580514908
0,0.0010000000474974513,10199,0.017699813470244408,
0,,10199,,0.01868877001106739
0,0.0010000000474974513,10249,0.01653946563601494,
0,,10249,,0.01687796600162983
0,0.0010000000474974513,10299,0.015832234174013138,
0,,10299,,0.017872147262096405
0,0.0010000000474974513,10349,0.015615307725965977,
0,,10349,,0.015972455963492393
0,0.0010000000474974513,10399,0.024798426777124405,
0,,10399,,0.020198896527290344
0,0.0010000000474974513,10449,0.02143830806016922,
0,,10449,,0.020635094493627548
0,0.0010000000474974513,10499,0.018864452838897705,
0,,10499,,0.019962701946496964
0,0.0010000000474974513,10549,0.018417909741401672,
0,,10549,,0.019886113703250885
0,0.0010000000474974513,10599,0.016863994300365448,
0,,10599,,0.017715169116854668
0,0.0010000000474974513,10649,0.014587699435651302,
0,,10649,,0.015337319113314152
0,0.0010000000474974513,10699,0.015437835827469826,
0,,10699,,0.014981248416006565
0,0.0010000000474974513,10749,0.04596468806266785,
0,,10749,,0.045934900641441345
0,0.0010000000474974513,10799,0.017481260001659393,
0,,10799,,0.018460171297192574
0,0.0010000000474974513,10849,0.015674060210585594,
0,,10849,,0.016421636566519737
0,0.0010000000474974513,10899,0.024986039847135544,
0,,10899,,0.029162246733903885
0,0.0010000000474974513,10949,0.015433244407176971,
0,,10949,,0.016613202169537544
0,0.0010000000474974513,10999,0.022668011486530304,
0,,10999,,0.026513712480664253
0,0.0010000000474974513,11049,0.014271124266088009,
0,,11049,,0.01462686900049448
0,0.0010000000474974513,11099,0.016880767419934273,
0,,11099,,0.01769845001399517
0,0.0010000000474974513,11149,0.015174566768109798,
0,,11149,,0.01416714582592249
0,0.0010000000474974513,11199,0.023031070828437805,
0,,11199,,0.023848947137594223
0,0.0010000000474974513,11249,0.013184575363993645,
0,,11249,,0.013471829704940319
0,0.0010000000474974513,11299,0.018490582704544067,
0,,11299,,0.01995132863521576
0,0.0010000000474974513,11349,0.012812384404242039,
0,,11349,,0.013489820994436741
0,0.0010000000474974513,11399,0.014236882328987122,
0,,11399,,0.01561165601015091
0,0.0010000000474974513,11449,0.01352947298437357,
0,,11449,,0.013706287369132042
0,0.0010000000474974513,11499,0.028870586305856705,
0,,11499,,0.031605031341314316
0,0.0010000000474974513,11549,0.061455752700567245,
0,,11549,,0.048571642488241196
0,0.0010000000474974513,11599,0.012473447248339653,
0,,11599,,0.012720723636448383
0,0.0010000000474974513,11649,0.018278466537594795,
0,,11649,,0.01800263114273548
0,0.0010000000474974513,11699,0.08800726383924484,
0,,11699,,0.0981634110212326
0,0.0010000000474974513,11749,0.012724654749035835,
0,,11749,,0.013653772883117199
0,0.0010000000474974513,11799,0.012305647134780884,
0,,11799,,0.01273152232170105
0,0.0010000000474974513,11849,0.024305373430252075,
0,,11849,,0.018995922058820724
0,0.0010000000474974513,11899,0.013061938807368279,
0,,11899,,0.013165708631277084
0,0.0010000000474974513,11949,0.013429583050310612,
0,,11949,,0.014115517027676105
0,0.0010000000474974513,11999,0.0921262800693512,
0,,11999,,0.08491719514131546
0,0.0010000000474974513,12049,0.012916764244437218,
0,,12049,,0.013835601508617401
0,0.0010000000474974513,12099,0.012365981005132198,
0,,12099,,0.01218467764556408
0,0.0010000000474974513,12149,0.011711781844496727,
0,,12149,,0.011852424591779709
0,0.0010000000474974513,12199,0.017790015786886215,
0,,12199,,0.0184236541390419
0,0.0010000000474974513,12249,0.01093972846865654,
0,,12249,,0.011372755281627178
0,0.0010000000474974513,12299,0.010933522135019302,
0,,12299,,0.01141098141670227
0,0.0010000000474974513,12349,0.010975315235555172,
0,,12349,,0.01139311958104372
0,0.0010000000474974513,12399,0.011516229249536991,
0,,12399,,0.011858107522130013
0,0.0010000000474974513,12449,0.01088317483663559,
0,,12449,,0.011479522101581097
0,0.0010000000474974513,12499,0.011433449573814869,
0,,12499,,0.012135607190430164
0,0.0010000000474974513,12549,0.011207262054085732,
0,,12549,,0.01101475115865469
0,0.0010000000474974513,12599,0.010665172711014748,
0,,12599,,0.011152070015668869
0,0.0010000000474974513,12649,0.017846249043941498,
0,,12649,,0.02155510149896145
0,0.0010000000474974513,12699,0.010593507438898087,
0,,12699,,0.011010228656232357
0,0.0010000000474974513,12749,0.026492489501833916,
0,,12749,,0.027811085805296898
0,0.0010000000474974513,12799,0.010272562503814697,
0,,12799,,0.01020465511828661
0,0.0010000000474974513,12849,0.01087831612676382,
0,,12849,,0.011279057711362839
0,0.0010000000474974513,12899,0.01531977392733097,
0,,12899,,0.015921376645565033
0,0.0010000000474974513,12949,0.014689947478473186,
0,,12949,,0.014620786532759666
0,0.0010000000474974513,12999,0.010007955133914948,
0,,12999,,0.010680880397558212
0,0.0010000000474974513,13049,0.06858906149864197,
0,,13049,,0.061854373663663864
0,0.0010000000474974513,13099,0.01171858236193657,
0,,13099,,0.01155448891222477
0,0.0010000000474974513,13149,0.009219172410666943,
0,,13149,,0.00966834556311369
0,0.0010000000474974513,13199,0.009046055376529694,
0,,13199,,0.009519693441689014
0,0.0010000000474974513,13249,0.009225965477526188,
0,,13249,,0.009757025167346
0,0.0010000000474974513,13299,0.009701259434223175,
0,,13299,,0.013386763632297516
0,0.0010000000474974513,13349,0.00870496779680252,
0,,13349,,0.009432822465896606
0,0.0010000000474974513,13399,0.01690874993801117,
0,,13399,,0.02117803320288658
0,0.0010000000474974513,13449,0.009591632522642612,
0,,13449,,0.010699651204049587
0,0.0010000000474974513,13499,0.008754092268645763,
0,,13499,,0.00905598048120737
0,0.0010000000474974513,13549,0.010482819750905037,
0,,13549,,0.010690492577850819
0,0.0010000000474974513,13599,0.009172233752906322,
0,,13599,,0.009444784373044968
0,0.0010000000474974513,13649,0.00978847686201334,
0,,13649,,0.009726081043481827
0,0.0010000000474974513,13699,0.012877997942268848,
0,,13699,,0.013407653197646141
0,0.0010000000474974513,13749,0.012448539026081562,
0,,13749,,0.012036814354360104
0,0.0010000000474974513,13799,0.04468683898448944,
0,,13799,,0.04219047725200653
0,0.0010000000474974513,13849,0.008956550620496273,
0,,13849,,0.009563476778566837
0,0.0010000000474974513,13899,0.02849203161895275,
0,,13899,,0.03927835449576378
0,0.0010000000474974513,13949,0.009178267791867256,
0,,13949,,0.009731244295835495
0,0.0010000000474974513,13999,0.010090889409184456,
0,,13999,,0.009907519444823265
0,0.0010000000474974513,14049,0.011744042858481407,
0,,14049,,0.012942072935402393
0,0.0010000000474974513,14099,0.020355548709630966,
0,,14099,,0.02163875661790371
0,0.0010000000474974513,14149,0.012923022732138634,
0,,14149,,0.011727183125913143
0,0.0010000000474974513,14199,0.008651974610984325,
0,,14199,,0.008690687827765942
0,0.0010000000474974513,14249,0.009995033033192158,
0,,14249,,0.01297804620116949
0,0.0010000000474974513,14299,0.01030641794204712,
0,,14299,,0.011482314206659794
0,0.0010000000474974513,14349,0.011027156375348568,
0,,14349,,0.01181326899677515
0,0.0010000000474974513,14399,0.0077473814599215984,
0,,14399,,0.014532763510942459
0,0.0010000000474974513,14449,0.007897205650806427,
0,,14449,,0.007976029068231583
0,0.0010000000474974513,14499,0.008375011384487152,
0,,14499,,0.00878823921084404
0,0.0010000000474974513,14549,0.010168730281293392,
0,,14549,,0.019953561946749687
0,0.0010000000474974513,14599,0.008892199955880642,
0,,14599,,0.009202955290675163
0,0.0010000000474974513,14649,0.0072297751903533936,
0,,14649,,0.007773036602884531
0,0.0010000000474974513,14699,0.008616892620921135,
0,,14699,,0.008625377900898457
0,0.0010000000474974513,14749,0.007674075663089752,
0,,14749,,0.008234446868300438
0,0.0010000000474974513,14799,0.024693088605999947,
0,,14799,,0.024129685014486313
0,0.0010000000474974513,14849,0.01687401719391346,
0,,14849,,0.018429623916745186
0,0.0010000000474974513,14899,0.007758772000670433,
0,,14899,,0.00843006931245327
0,0.0010000000474974513,14949,0.014168470166623592,
0,,14949,,0.014974363148212433
0,0.0010000000474974513,14999,0.010809346102178097,
0,,14999,,0.01189562026411295
0,0.0010000000474974513,15049,0.006832255516201258,
0,,15049,,0.007777100428938866
0,0.0010000000474974513,15099,0.007641188334673643,
0,,15099,,0.007857253775000572
0,0.0010000000474974513,15149,0.01364070549607277,
0,,15149,,0.01131734810769558
0,0.0010000000474974513,15199,0.0066139111295342445,
0,,15199,,0.007016231771558523
0,0.0010000000474974513,15249,0.019908107817173004,
0,,15249,,0.022662077099084854
0,0.0010000000474974513,15299,0.00686549162492156,
0,,15299,,0.006951466202735901
0,0.0010000000474974513,15349,0.00681873457506299,
0,,15349,,0.007690418511629105
0,0.0010000000474974513,15399,0.008111216127872467,
0,,15399,,0.00923976767808199
0,0.0010000000474974513,15449,0.0062452396377921104,
0,,15449,,0.006807831581681967
0,0.0010000000474974513,15499,0.008343038149178028,
0,,15499,,0.008434619754552841
0,0.0010000000474974513,15549,0.01095870602875948,
0,,15549,,0.01067180186510086
0,0.0010000000474974513,15599,0.010117472149431705,
0,,15599,,0.008510731160640717
0,0.0010000000474974513,15649,0.006840912159532309,
0,,15649,,0.007758939638733864
0,0.0010000000474974513,15699,0.024073222652077675,
0,,15699,,0.02094568870961666
0,0.0010000000474974513,15749,0.017767444252967834,
0,,15749,,0.018825916573405266
0,0.0010000000474974513,15799,0.022158611565828323,
0,,15799,,0.0286816768348217
0,0.0010000000474974513,15849,0.00813724659383297,
0,,15849,,0.007945760153234005
0,0.0010000000474974513,15899,0.020914286375045776,
0,,15899,,0.011623444966971874
0,0.0010000000474974513,15949,0.0057810284197330475,
0,,15949,,0.006064623594284058
0,0.0010000000474974513,15999,0.029980650171637535,
0,,15999,,0.0330425500869751
0,0.0010000000474974513,16049,0.005390067584812641,
0,,16049,,0.0057410611771047115
0,0.0010000000474974513,16099,0.005671817809343338,
0,,16099,,0.005861268378794193
0,0.0010000000474974513,16149,0.0065008727833628654,
0,,16149,,0.006630781106650829
0,0.0010000000474974513,16199,0.006593905854970217,
0,,16199,,0.007309664972126484
0,0.0010000000474974513,16249,0.006291270721703768,
0,,16249,,0.005776180420070887
0,0.0010000000474974513,16299,0.015734011307358742,
0,,16299,,0.0184115469455719
0,0.0010000000474974513,16349,0.005573379807174206,
0,,16349,,0.006051299627870321
0,0.0010000000474974513,16399,0.008090710267424583,
0,,16399,,0.008830281905829906
0,0.0010000000474974513,16449,0.00990125723183155,
0,,16449,,0.008501704782247543
0,0.0010000000474974513,16499,0.004984842613339424,
0,,16499,,0.005455793812870979
0,0.0010000000474974513,16549,0.012329299934208393,
0,,16549,,0.009330769069492817
0,0.0010000000474974513,16599,0.0051183439791202545,
0,,16599,,0.005429463926702738
0,0.0010000000474974513,16649,0.006473256275057793,
0,,16649,,0.007087853737175465
0,0.0010000000474974513,16699,0.008373820222914219,
0,,16699,,0.008808041922748089
0,0.0010000000474974513,16749,0.00553601561114192,
0,,16749,,0.00577497947961092
0,0.0010000000474974513,16799,0.011489986442029476,
0,,16799,,0.011737841181457043
0,0.0010000000474974513,16849,0.01523954514414072,
0,,16849,,0.01868584007024765
0,0.0010000000474974513,16899,0.005489313509315252,
0,,16899,,0.005600633565336466
0,0.0010000000474974513,16949,0.0067163389176130295,
0,,16949,,0.007613899186253548
0,0.0010000000474974513,16999,0.005055917426943779,
0,,16999,,0.005286067724227905
0,0.0010000000474974513,17049,0.006929062306880951,
0,,17049,,0.007841961458325386
0,0.0010000000474974513,17099,0.0054252129048109055,
0,,17099,,0.005829841364175081
0,0.0010000000474974513,17149,0.07325446605682373,
0,,17149,,0.0629853755235672
0,0.0010000000474974513,17199,0.005832656752318144,
0,,17199,,0.005488721188157797
0,0.0010000000474974513,17249,0.005264718551188707,
0,,17249,,0.005520463455468416
0,0.0010000000474974513,17299,0.04057546332478523,
0,,17299,,0.044084109365940094
0,0.0010000000474974513,17349,0.005369596183300018,
0,,17349,,0.005082421936094761
0,0.0010000000474974513,17399,0.01724308542907238,
0,,17399,,0.016835300251841545
0,0.0010000000474974513,17449,0.013469342142343521,
0,,17449,,0.012722615152597427
0,0.0010000000474974513,17499,0.004322912078350782,
0,,17499,,0.00455008028075099
0,0.0010000000474974513,17549,0.009228507056832314,
0,,17549,,0.007515646982938051
0,0.0010000000474974513,17599,0.0057762665674090385,
0,,17599,,0.00663475738838315
0,0.0010000000474974513,17649,0.0047109960578382015,
0,,17649,,0.005172986537218094
0,0.0010000000474974513,17699,0.005091930273920298,
0,,17699,,0.005144000053405762
0,0.0010000000474974513,17749,0.0045344531536102295,
0,,17749,,0.00483739422634244
0,0.0010000000474974513,17799,0.04589831829071045,
0,,17799,,0.05483349412679672
0,0.0010000000474974513,17849,0.003991999663412571,
0,,17849,,0.004217003472149372
0,0.0010000000474974513,17899,0.029761867597699165,
0,,17899,,0.031963687390089035
0,0.0010000000474974513,17949,0.004093170631676912,
0,,17949,,0.004192576743662357
0,0.0010000000474974513,17999,0.005954478867352009,
0,,17999,,0.005869505926966667
0,0.0010000000474974513,18049,0.005716343875974417,
0,,18049,,0.005046791862696409
0,0.0010000000474974513,18099,0.0037990540731698275,
0,,18099,,0.004052216652780771
0,0.0010000000474974513,18149,0.004776003770530224,
0,,18149,,0.005125140305608511
0,0.0010000000474974513,18199,0.02716754376888275,
0,,18199,,0.03349096700549126
0,0.0010000000474974513,18249,0.003875317983329296,
0,,18249,,0.004392635077238083
0,0.0010000000474974513,18299,0.027047647163271904,
0,,18299,,0.03106597438454628
0,0.0010000000474974513,18349,0.004537906497716904,
0,,18349,,0.0045563336461782455
0,0.0010000000474974513,18399,0.018928682431578636,
0,,18399,,0.011851214803755283
0,0.0010000000474974513,18449,0.004196212626993656,
0,,18449,,0.004471436608582735
0,0.0010000000474974513,18499,0.006235948298126459,
0,,18499,,0.008021010085940361
0,0.0010000000474974513,18549,0.017201296985149384,
0,,18549,,0.01850729249417782
0,0.0010000000474974513,18599,0.006029186304658651,
0,,18599,,0.0068543883971869946
0,0.0010000000474974513,18649,0.013925227336585522,
0,,18649,,0.013444220647215843
0,0.0010000000474974513,18699,0.015714462846517563,
0,,18699,,0.017234859988093376
0,0.0010000000474974513,18749,0.004464790690690279,
0,,18749,,0.0050170221365988255
0,0.0010000000474974513,18799,0.030667249113321304,
0,,18799,,0.021714022383093834
0,0.0010000000474974513,18849,0.0037060873582959175,
0,,18849,,0.0040435451082885265
0,0.0010000000474974513,18899,0.004954010713845491,
0,,18899,,0.005391087848693132
0,0.0010000000474974513,18949,0.004798220004886389,
0,,18949,,0.0036475234664976597
0,0.0010000000474974513,18999,0.008212726563215256,
0,,18999,,0.008975419215857983
0,0.0010000000474974513,19049,0.004167292732745409,
0,,19049,,0.0044307950884103775
0,0.0010000000474974513,19099,0.005116881337016821,
0,,19099,,0.007074157241731882
0,0.0010000000474974513,19149,0.004498003050684929,
0,,19149,,0.005178428720682859
0,0.0010000000474974513,19199,0.003070231294259429,
0,,19199,,0.003272886388003826
0,0.0010000000474974513,19249,0.007238609716296196,
0,,19249,,0.00750460010021925
0,0.0010000000474974513,19299,0.0030394839122891426,
0,,19299,,0.003275938332080841
0,0.0010000000474974513,19349,0.0033740897197276354,
0,,19349,,0.0034054117277264595
0,0.0010000000474974513,19399,0.0041393740102648735,
0,,19399,,0.004075029864907265
0,0.0010000000474974513,19449,0.004881483968347311,
0,,19449,,0.003558961907401681
0,0.0010000000474974513,19499,0.003200450213626027,
0,,19499,,0.0032330513931810856
0,0.0010000000474974513,19549,0.004426172934472561,
0,,19549,,0.004782895557582378
0,0.0010000000474974513,19599,0.004722123499959707,
0,,19599,,0.005485532805323601
0,0.0010000000474974513,19649,0.004584185779094696,
0,,19649,,0.004925511311739683
0,0.0010000000474974513,19699,0.0028402041643857956,
0,,19699,,0.003001249162480235
0,0.0010000000474974513,19749,0.003128778887912631,
0,,19749,,0.003195087192580104
0,0.0010000000474974513,19799,0.009345323778688908,
0,,19799,,0.013081135228276253
0,0.0010000000474974513,19849,0.0041239154525101185,
0,,19849,,0.003524997504428029
0,0.0010000000474974513,19899,0.0414748378098011,
0,,19899,,0.03624854236841202
0,0.0010000000474974513,19949,0.0029009163845330477,
0,,19949,,0.002909319708123803
0,0.0010000000474974513,19999,0.03717806190252304,
0,,19999,,0.03943243622779846
0,0.0010000000474974513,20049,0.003108454868197441,
0,,20049,,0.0030773766338825226
0,0.0010000000474974513,20099,0.013844089582562447,
0,,20099,,0.01393310446292162
0,0.0010000000474974513,20149,0.013826834969222546,
0,,20149,,0.018830392509698868
0,0.0010000000474974513,20199,0.002886191476136446,
0,,20199,,0.0029032595921307802
0,0.0010000000474974513,20249,0.01378244161605835,
0,,20249,,0.01701398752629757
0,0.0010000000474974513,20299,0.0035565518774092197,
0,,20299,,0.003858098527416587
0,0.0010000000474974513,20349,0.0035187224857509136,
0,,20349,,0.0035596597008407116
0,0.0010000000474974513,20399,0.07232702523469925,
0,,20399,,0.04583050310611725
0,0.0010000000474974513,20449,0.003219699254259467,
0,,20449,,0.0032241656444966793
0,0.0010000000474974513,20499,0.002560726832598448,
0,,20499,,0.002736152382567525
0,0.0010000000474974513,20549,0.0023968357127159834,
0,,20549,,0.002655653515830636
0,0.0010000000474974513,20599,0.010131253860890865,
0,,20599,,0.011356353759765625
0,0.0010000000474974513,20649,0.0023582472931593657,
0,,20649,,0.002719335490837693
0,0.0010000000474974513,20699,0.0027274610474705696,
0,,20699,,0.0027235301677137613
0,0.0010000000474974513,20749,0.01664046011865139,
0,,20749,,0.010944525711238384
0,0.0010000000474974513,20799,0.004124878905713558,
0,,20799,,0.004039490595459938
0,0.0010000000474974513,20849,0.07425294071435928,
0,,20849,,0.06488257646560669
0,0.0010000000474974513,20899,0.0026784799993038177,
0,,20899,,0.0026164690498262644
0,0.0010000000474974513,20949,0.002365455497056246,
0,,20949,,0.002485244534909725
0,0.0010000000474974513,20999,0.005777022801339626,
0,,20999,,0.007923565804958344
0,0.0010000000474974513,21049,0.002487185876816511,
0,,21049,,0.0026224146131426096
0,0.0010000000474974513,21099,0.02604476548731327,
0,,21099,,0.014109374955296516
0,0.0010000000474974513,21149,0.0029256532434374094,
0,,21149,,0.0027961384039372206
0,0.0010000000474974513,21199,0.009946303442120552,
0,,21199,,0.012757073156535625
0,0.0010000000474974513,21249,0.0028364425525069237,
0,,21249,,0.0034141247160732746
0,0.0010000000474974513,21299,0.0026738354936242104,
0,,21299,,0.002630392787978053
0,0.0010000000474974513,21349,0.003967965487390757,
0,,21349,,0.003391002304852009
0,0.0010000000474974513,21399,0.0025222445838153362,
0,,21399,,0.0027931302320212126
0,0.0010000000474974513,21449,0.004112583585083485,
0,,21449,,0.0032272108364850283
0,0.0010000000474974513,21499,0.0035857921466231346,
0,,21499,,0.0041262488812208176
0,0.0010000000474974513,21549,0.0022967983968555927,
0,,21549,,0.002271436620503664
0,0.0010000000474974513,21599,0.005113773513585329,
0,,21599,,0.011188674718141556
0,0.0010000000474974513,21649,0.0023303311318159103,
0,,21649,,0.002342333784326911
0,0.0010000000474974513,21699,0.013237114995718002,
0,,21699,,0.016033224761486053
0,0.0010000000474974513,21749,0.005016140174120665,
0,,21749,,0.004734887275844812
0,0.0010000000474974513,21799,0.0041732387617230415,
0,,21799,,0.0028220464009791613
0,0.0010000000474974513,21849,0.0023848831187933683,
0,,21849,,0.0024415927473455667
0,0.0010000000474974513,21899,0.029826873913407326,
0,,21899,,0.017936386168003082
0,0.0010000000474974513,21949,0.0021366795990616083,
0,,21949,,0.0022350174840539694
0,0.0010000000474974513,21999,0.002123928628861904,
0,,21999,,0.0022705348674207926
0,0.0010000000474974513,22049,0.01535195391625166,
0,,22049,,0.01584741286933422
0,0.0010000000474974513,22099,0.0021209134720265865,
0,,22099,,0.0022448222152888775
0,0.0010000000474974513,22149,0.004042052663862705,
0,,22149,,0.0039405920542776585
0,0.0010000000474974513,22199,0.002170053543522954,
0,,22199,,0.0021804808638989925
0,0.0010000000474974513,22249,0.0023084671702235937,
0,,22249,,0.0023995789233595133
0,0.0010000000474974513,22299,0.0043952432461082935,
0,,22299,,0.002295880811288953
0,0.0010000000474974513,22349,0.0020269339438527822,
0,,22349,,0.0021239761263132095
0,0.0010000000474974513,22399,0.00260054599493742,
0,,22399,,0.0022654917556792498
0,0.0010000000474974513,22449,0.0021257419139146805,
0,,22449,,0.0021296788472682238
0,0.0010000000474974513,22499,0.008570368401706219,
0,,22499,,0.0021826934535056353
0,0.0010000000474974513,22549,0.002443920820951462,
0,,22549,,0.0023759128525853157
0,0.0010000000474974513,22599,0.0029046828858554363,
0,,22599,,0.003133369842544198
0,0.0010000000474974513,22649,0.0023228698410093784,
0,,22649,,0.0022030076943337917
0,0.0010000000474974513,22699,0.0030919983983039856,
0,,22699,,0.003271230962127447
0,0.0010000000474974513,22749,0.0160478875041008,
0,,22749,,0.0041463179513812065
0,0.0010000000474974513,22799,0.0023479184601455927,
0,,22799,,0.002329303650185466
0,0.0010000000474974513,22849,0.0019411074463278055,
0,,22849,,0.002087206579744816
0,0.0010000000474974513,22899,0.022101249545812607,
0,,22899,,0.02283431403338909
0,0.0010000000474974513,22949,0.0021647713147103786,
0,,22949,,0.002121237339451909
0,0.0010000000474974513,22999,0.002394660608842969,
0,,22999,,0.0025376849807798862
0,0.0010000000474974513,23049,0.0034214244224131107,
0,,23049,,0.0026337720919400454
0,0.0010000000474974513,23099,0.002990218112245202,
0,,23099,,0.0031674434430897236
0,0.0010000000474974513,23149,0.004760791547596455,
0,,23149,,0.005120878107845783
0,0.0010000000474974513,23199,0.0033841682597994804,
0,,23199,,0.0035727587528526783
0,0.0010000000474974513,23249,0.0029850336723029613,
0,,23249,,0.0026152862701565027
0,0.0010000000474974513,23299,0.002996431663632393,
0,,23299,,0.0027662976644933224
0,0.0010000000474974513,23349,0.0019360054284334183,
0,,23349,,0.0020436979830265045
0,0.0010000000474974513,23399,0.0030874081421643496,
0,,23399,,0.0036576678976416588
0,0.0010000000474974513,23449,0.002996092429384589,
0,,23449,,0.003042841563001275
0,0.0010000000474974513,23499,0.0040937126614153385,
0,,23499,,0.007638897746801376
0,0.0010000000474974513,23549,0.002002703957259655,
0,,23549,,0.0019307647598907351
0,0.0010000000474974513,23599,0.0017753037391230464,
0,,23599,,0.001852379646152258
0,0.0010000000474974513,23649,0.002136367605999112,
0,,23649,,0.0023201098665595055
0,0.0010000000474974513,23699,0.00260173506103456,
0,,23699,,0.0024095061235129833
0,0.0010000000474974513,23749,0.023773355409502983,
0,,23749,,0.03284874185919762
0,0.0010000000474974513,23799,0.0019388373475521803,
0,,23799,,0.0022079527843743563
0,0.0010000000474974513,23849,0.0022126673720777035,
0,,23849,,0.0022496813908219337
0,0.0010000000474974513,23899,0.0050860317423939705,
0,,23899,,0.005258915480226278
0,0.0010000000474974513,23949,0.0044473339803516865,
0,,23949,,0.0051518515683710575
0,0.0010000000474974513,23999,0.004246996250003576,
0,,23999,,0.003184143453836441
0,0.0010000000474974513,24049,0.002288615796715021,
0,,24049,,0.00295750773511827
0,0.0010000000474974513,24099,0.007174764294177294,
0,,24099,,0.01232835277915001
0,0.0010000000474974513,24149,0.001763472449965775,
0,,24149,,0.001735066995024681
0,0.0010000000474974513,24199,0.034492217004299164,
0,,24199,,0.03786221519112587
0,0.0010000000474974513,24249,0.0020728865638375282,
0,,24249,,0.0018989694071933627
0,0.0010000000474974513,24299,0.0016103902598842978,
0,,24299,,0.0017301440238952637
0,0.0010000000474974513,24349,0.03519529476761818,
0,,24349,,0.02214984968304634
0,0.0010000000474974513,24399,0.002001347951591015,
0,,24399,,0.0018151806434616446
0,0.0010000000474974513,24449,0.0016034981235861778,
0,,24449,,0.001691003912128508
0,0.0010000000474974513,24499,0.010819335468113422,
0,,24499,,0.008174733258783817
0,0.0010000000474974513,24549,0.0017687921645119786,
0,,24549,,0.0018155815778300166
0,0.0010000000474974513,24599,0.0017662273021414876,
0,,24599,,0.001821744255721569
0,0.0010000000474974513,24649,0.020004011690616608,
0,,24649,,0.014474221505224705
0,0.0010000000474974513,24699,0.001829007058404386,
0,,24699,,0.0017924713902175426
0,0.0010000000474974513,24749,0.00611837487667799,
0,,24749,,0.00719136418774724
0,0.0010000000474974513,24799,0.0023226055782288313,
0,,24799,,0.002447770442813635
0,0.0010000000474974513,24849,0.0021075678523629904,
0,,24849,,0.002079462166875601
0,0.0010000000474974513,24899,0.002314641373232007,
0,,24899,,0.002540342044085264
0,0.0010000000474974513,24949,0.00161451764870435,
0,,24949,,0.0017529993783682585
0,0.0010000000474974513,24999,0.0017963199643418193,
0,,24999,,0.0019019079627469182
0,0.0010000000474974513,25049,0.0019690466579049826,
0,,25049,,0.0021310921292752028
0,0.0010000000474974513,25099,0.005291013978421688,
0,,25099,,0.004929753951728344
0,0.0010000000474974513,25149,0.005231381393969059,
0,,25149,,0.003663170151412487
0,0.0010000000474974513,25199,0.0023325702641159296,
0,,25199,,0.0026605683378875256
0,0.0010000000474974513,25249,0.013108250685036182,
0,,25249,,0.009024671278893948
0,0.0010000000474974513,25299,0.0016494120936840773,
0,,25299,,0.0016906731761991978
0,0.0010000000474974513,25349,0.030437614768743515,
0,,25349,,0.024563128128647804
0,0.0010000000474974513,25399,0.0016687843017280102,
0,,25399,,0.0017989791231229901
0,0.0010000000474974513,25449,0.01363819744437933,
0,,25449,,0.015099165961146355
0,0.0010000000474974513,25499,0.006622075568884611,
0,,25499,,0.005762678571045399
0,0.0010000000474974513,25549,0.00724290544167161,
0,,25549,,0.008353831246495247
0,0.0010000000474974513,25599,0.0015343836275860667,
0,,25599,,0.0017763584619387984
0,0.0010000000474974513,25649,0.002962201600894332,
0,,25649,,0.003242174629122019
0,0.0010000000474974513,25699,0.0019269974436610937,
0,,25699,,0.0017905154963955283
0,0.0010000000474974513,25749,0.006834172643721104,
0,,25749,,0.002886070404201746
0,0.0010000000474974513,25799,0.001691943733021617,
0,,25799,,0.0017065482679754496
0,0.0010000000474974513,25849,0.009511963464319706,
0,,25849,,0.011805268935859203
0,0.0010000000474974513,25899,0.002135930582880974,
0,,25899,,0.002176133217290044
0,0.0010000000474974513,25949,0.003670135047286749,
0,,25949,,0.0038078681100159883
0,0.0010000000474974513,25999,0.002284320769831538,
0,,25999,,0.0020688490476459265
0,0.0010000000474974513,26049,0.0034383516758680344,
0,,26049,,0.00398379797115922
0,0.0010000000474974513,26099,0.0025414086412638426,
0,,26099,,0.002371765673160553
0,0.0010000000474974513,26149,0.0015490715159103274,
0,,26149,,0.0022298006806522608
0,0.0010000000474974513,26199,0.001811504946090281,
0,,26199,,0.002040586667135358
0,0.0010000000474974513,26249,0.004444243386387825,
0,,26249,,0.005935759283602238
0,0.0010000000474974513,26299,0.0017226136988028884,
0,,26299,,0.0015361098339781165
0,0.0010000000474974513,26349,0.001502555562183261,
0,,26349,,0.001543055521324277
0,0.0010000000474974513,26399,0.0016190907917916775,
0,,26399,,0.0015527675859630108
0,0.0010000000474974513,26449,0.01819334551692009,
0,,26449,,0.020353607833385468
0,0.0010000000474974513,26499,0.0015050278743728995,
0,,26499,,0.0014699853491038084
0,0.0010000000474974513,26549,0.0018279746873304248,
0,,26549,,0.0017748932586982846
0,0.0010000000474974513,26599,0.008535467088222504,
0,,26599,,0.009308247826993465
0,0.0010000000474974513,26649,0.0015020978171378374,
0,,26649,,0.0015345244901254773
0,0.0010000000474974513,26699,0.002280166372656822,
0,,26699,,0.002950971480458975
0,0.0010000000474974513,26749,0.007649146020412445,
0,,26749,,0.01149419229477644
0,0.0010000000474974513,26799,0.0019322745501995087,
0,,26799,,0.001955764601007104
0,0.0010000000474974513,26849,0.016208937391638756,
0,,26849,,0.022812088951468468
0,0.0010000000474974513,26899,0.002113071968778968,
0,,26899,,0.0024987012147903442
0,0.0010000000474974513,26949,0.001437250874005258,
0,,26949,,0.0015023439191281796
0,0.0010000000474974513,26999,0.0014009727165102959,
0,,26999,,0.0015271748416125774
0,0.0010000000474974513,27049,0.008641555905342102,
0,,27049,,0.0113973468542099
0,0.0010000000474974513,27099,0.0017483301926404238,
0,,27099,,0.0018912691157311201
0,0.0010000000474974513,27149,0.0052889809012413025,
0,,27149,,0.006815954111516476
0,0.0010000000474974513,27199,0.002079135738313198,
0,,27199,,0.0025745914317667484
0,0.0010000000474974513,27249,0.0021177942398935556,
0,,27249,,0.0023266300559043884
0,0.0010000000474974513,27299,0.0024451129138469696,
0,,27299,,0.002005217829719186
0,0.0010000000474974513,27349,0.0023581814020872116,
0,,27349,,0.002313721226528287
0,0.0010000000474974513,27399,0.003842343343421817,
0,,27399,,0.002086424035951495
0,0.0010000000474974513,27449,0.001455105491913855,
0,,27449,,0.001439896528609097
0,0.0010000000474974513,27499,0.0064760176464915276,
0,,27499,,0.009116759523749352
0,0.0010000000474974513,27549,0.0016329414211213589,
0,,27549,,0.0018252828158438206
0,0.0010000000474974513,27599,0.0013647773303091526,
0,,27599,,0.0013804679038003087
0,0.0010000000474974513,27649,0.0014532080385833979,
0,,27649,,0.0014818443451076746
0,0.0010000000474974513,27699,0.001956379972398281,
0,,27699,,0.0023057530634105206
0,0.0010000000474974513,27749,0.0016299202106893063,
0,,27749,,0.001602588570676744
0,0.0010000000474974513,27799,0.027746712788939476,
0,,27799,,0.012699485756456852
0,0.0010000000474974513,27849,0.0013078054180368781,
0,,27849,,0.0013658454408869147
0,0.0010000000474974513,27899,0.0013471109559759498,
0,,27899,,0.001413271063938737
0,0.0010000000474974513,27949,0.0092718955129385,
0,,27949,,0.004504801239818335
0,0.0010000000474974513,27999,0.0013344164472073317,
0,,27999,,0.001370394486002624
0,0.0010000000474974513,28049,0.00822578277438879,
0,,28049,,0.010482940822839737
0,0.0010000000474974513,28099,0.002156907459720969,
0,,28099,,0.0021535006817430258
0,0.0010000000474974513,28149,0.0014983172295615077,
0,,28149,,0.0015448827762156725
0,0.0010000000474974513,28199,0.0016634694766253233,
0,,28199,,0.002049368806183338
0,0.0010000000474974513,28249,0.006944393739104271,
0,,28249,,0.008749197237193584
0,0.0010000000474974513,28299,0.0013315988471731544,
0,,28299,,0.0013975196052342653
0,0.0010000000474974513,28349,0.003113522194325924,
0,,28349,,0.004911339841783047
0,0.0010000000474974513,28399,0.002095564967021346,
0,,28399,,0.0022505244705826044
0,0.0010000000474974513,28449,0.002269070828333497,
0,,28449,,0.001353588653728366
0,0.0010000000474974513,28499,0.0012576257577165961,
0,,28499,,0.0013136890484020114
0,0.0010000000474974513,28549,0.0013563890242949128,
0,,28549,,0.0013859692262485623
0,0.0010000000474974513,28599,0.0072028785943984985,
0,,28599,,0.009990808553993702
0,0.0010000000474974513,28649,0.0013506870018318295,
0,,28649,,0.001351010287180543
0,0.0010000000474974513,28699,0.0015271309530362487,
0,,28699,,0.0015992423286661506
0,0.0010000000474974513,28749,0.0073777781799435616,
0,,28749,,0.006198832765221596
0,0.0010000000474974513,28799,0.0018531271489337087,
0,,28799,,0.0019001103937625885
0,0.0010000000474974513,28849,0.012926912866532803,
0,,28849,,0.017455022782087326
0,0.0010000000474974513,28899,0.001616629888303578,
0,,28899,,0.001559630734845996
0,0.0010000000474974513,28949,0.0013182723196223378,
0,,28949,,0.0013362830504775047
0,0.0010000000474974513,28999,0.010533560067415237,
0,,28999,,0.013467513956129551
0,0.0010000000474974513,29049,0.0013185476418584585,
0,,29049,,0.0012868024641647935
0,0.0010000000474974513,29099,0.002034936798736453,
0,,29099,,0.002127082785591483
0,0.0010000000474974513,29149,0.016270233318209648,
0,,29149,,0.010240714997053146
0,0.0010000000474974513,29199,0.0012998186284676194,
0,,29199,,0.0013551886659115553
0,0.0010000000474974513,29249,0.0012885540490970016,
0,,29249,,0.0013478779001161456
0,0.0010000000474974513,29299,0.0023787100799381733,
0,,29299,,0.00319121778011322
0,0.0010000000474974513,29349,0.001879110117442906,
0,,29349,,0.0021068258211016655
0,0.0010000000474974513,29399,0.0018083854811266065,
0,,29399,,0.0018505959305912256
0,0.0010000000474974513,29449,0.013543173670768738,
0,,29449,,0.01900501549243927
0,0.0010000000474974513,29499,0.0016636811196804047,
0,,29499,,0.0015620901249349117
0,0.0010000000474974513,29549,0.001272998284548521,
0,,29549,,0.0013029435649514198
0,0.0010000000474974513,29599,0.01826287992298603,
0,,29599,,0.018346641212701797
0,0.0010000000474974513,29649,0.001210445654578507,
0,,29649,,0.001251554349437356
0,0.0010000000474974513,29699,0.002714660484343767,
0,,29699,,0.002528540091589093
0,0.0010000000474974513,29749,0.020106827840209007,
0,,29749,,0.01865660771727562
0,0.0010000000474974513,29799,0.0014254178386181593,
0,,29799,,0.0013715196400880814
0,0.0010000000474974513,29849,0.0014314913423731923,
0,,29849,,0.0014221790479496121
0,0.0010000000474974513,29899,0.009671594016253948,
0,,29899,,0.01513869222253561
0,0.0010000000474974513,29949,0.00164655945263803,
0,,29949,,0.0014450282324105501
0,0.0010000000474974513,29999,0.002230377634987235,
0,,29999,,0.0022862106561660767
0,0.0010000000474974513,30049,0.002190169645473361,
0,,30049,,0.002210315316915512
0,0.0010000000474974513,30099,0.016900356858968735,
0,,30099,,0.025132164359092712
0,0.0010000000474974513,30149,0.0018508724169805646,
0,,30149,,0.0016466818051412702
0,0.0010000000474974513,30199,0.0012086298083886504,
0,,30199,,0.0012202318757772446
0,0.0010000000474974513,30249,0.005152364261448383,
0,,30249,,0.006045568268746138
0,0.0010000000474974513,30299,0.0014899990055710077,
0,,30299,,0.0016202465631067753
0,0.0010000000474974513,30349,0.0013872914714738727,
0,,30349,,0.0013863218482583761
0,0.0010000000474974513,30399,0.0017880287487059832,
0,,30399,,0.0024938839487731457
0,0.0010000000474974513,30449,0.004522496368736029,
0,,30449,,0.0023320666514337063
0,0.0010000000474974513,30499,0.003078535431995988,
0,,30499,,0.0033948703203350306
0,0.0010000000474974513,30549,0.0027859965339303017,
0,,30549,,0.00352020887658
0,0.0010000000474974513,30599,0.002438802970573306,
0,,30599,,0.002652636496350169
0,0.0010000000474974513,30649,0.0016995465848594904,
0,,30649,,0.0017047695582732558
0,0.0010000000474974513,30699,0.0017508752644062042,
0,,30699,,0.001964400988072157
0,0.0010000000474974513,30749,0.0016066324897110462,
0,,30749,,0.0012614948209375143
0,0.0010000000474974513,30799,0.0021072952076792717,
0,,30799,,0.002436399692669511
0,0.0010000000474974513,30849,0.0025501917116343975,
0,,30849,,0.0031593760941177607
0,0.0010000000474974513,30899,0.0015110388631001115,
0,,30899,,0.0014304525684565306
0,0.0010000000474974513,30949,0.04222087934613228,
0,,30949,,0.024335047230124474
0,0.0010000000474974513,30999,0.002246416872367263,
0,,30999,,0.002206079661846161
0,0.0010000000474974513,31049,0.001206759363412857,
0,,31049,,0.0012198267504572868
0,0.0010000000474974513,31099,0.0017846632981672883,
0,,31099,,0.00281356880441308
0,0.0010000000474974513,31149,0.0012051590019837022,
0,,31149,,0.0012320379028096795
0,0.0010000000474974513,31199,0.032305072993040085,
0,,31199,,0.018724849447607994
0,0.0010000000474974513,31249,0.0011871278984472156,
0,,31249,,0.0013230382464826107
0,0.0010000000474974513,31299,0.0014063979033380747,
0,,31299,,0.0014809820568189025
0,0.0010000000474974513,31349,0.0025631547905504704,
0,,31349,,0.0027427570894360542
0,0.0010000000474974513,31399,0.0032104600686579943,
0,,31399,,0.0036083164159208536
0,0.0010000000474974513,31449,0.02082834206521511,
0,,31449,,0.021074188873171806
0,0.0010000000474974513,31499,0.001298375311307609,
0,,31499,,0.001304743462242186
0,0.0010000000474974513,31549,0.0021661820355802774,
0,,31549,,0.003402260597795248
0,0.0010000000474974513,31599,0.0011378041235730052,
0,,31599,,0.0011996850371360779
0,0.0010000000474974513,31649,0.0013427993981167674,
0,,31649,,0.0011815493926405907
0,0.0010000000474974513,31699,0.0030288503039628267,
0,,31699,,0.003784076077863574
0,0.0010000000474974513,31749,0.001328866695985198,
0,,31749,,0.0016684475122019649
0,0.0010000000474974513,31799,0.0013851234689354897,
0,,31799,,0.0013872783165425062
0,0.0010000000474974513,31849,0.007647802121937275,
0,,31849,,0.005860510747879744
0,0.0010000000474974513,31899,0.001144641195423901,
0,,31899,,0.0011552231153473258
0,0.0010000000474974513,31949,0.01974768377840519,
0,,31949,,0.011994530446827412
0,0.0010000000474974513,31999,0.0012754705967381597,
0,,31999,,0.0012147144880145788
0,0.0010000000474974513,32049,0.007698595058172941,
0,,32049,,0.011712036095559597
0,0.0010000000474974513,32099,0.0011439439840614796,
0,,32099,,0.001147742965258658
0,0.0010000000474974513,32149,0.0012415004894137383,
0,,32149,,0.0011968305334448814
0,0.0010000000474974513,32199,0.0015882211737334728,
0,,32199,,0.0013252360513433814
0,0.0010000000474974513,32249,0.001423412817530334,
0,,32249,,0.0015315858181566
0,0.0010000000474974513,32299,0.00255931937135756,
0,,32299,,0.002675726544111967
0,0.0010000000474974513,32349,0.0018830107292160392,
0,,32349,,0.002152487402781844
0,0.0010000000474974513,32399,0.013309484347701073,
0,,32399,,0.009533587843179703
0,0.0010000000474974513,32449,0.0017541259294375777,
0,,32449,,0.0018000808777287602
0,0.0010000000474974513,32499,0.009789740666747093,
0,,32499,,0.016780901700258255
0,0.0010000000474974513,32549,0.0012206032406538725,
0,,32549,,0.0012811035849153996
0,0.0010000000474974513,32599,0.003325835568830371,
0,,32599,,0.004683655221015215
0,0.0010000000474974513,32649,0.01861754059791565,
0,,32649,,0.020474154502153397
0,0.0010000000474974513,32699,0.0011061261175200343,
0,,32699,,0.0012038054410368204
0,0.0010000000474974513,32749,0.003637554356828332,
0,,32749,,0.00135457469150424
0,0.0010000000474974513,32799,0.001678758766502142,
0,,32799,,0.0015499150613322854
0,0.0010000000474974513,32849,0.032829198986291885,
0,,32849,,0.022428691387176514
0,0.0010000000474974513,32899,0.0011090580374002457,
0,,32899,,0.001103283022530377
0,0.0010000000474974513,32949,0.005783049389719963,
0,,32949,,0.006797234062105417
0,0.0010000000474974513,32999,0.0022921832278370857,
0,,32999,,0.002458944683894515
0,0.0010000000474974513,33049,0.0025738279800862074,
0,,33049,,0.002241745823994279
0,0.0010000000474974513,33099,0.004797113128006458,
0,,33099,,0.005987501237541437
0,0.0010000000474974513,33149,0.0016612163744866848,
0,,33149,,0.0013866194058209658
0,0.0010000000474974513,33199,0.00163853180129081,
0,,33199,,0.0018509672954678535
0,0.0010000000474974513,33249,0.0018540506716817617,
0,,33249,,0.0015047548804432154
0,0.0010000000474974513,33299,0.0010501641081646085,
0,,33299,,0.0011132702929899096
0,0.0010000000474974513,33349,0.0027878463733941317,
0,,33349,,0.0034829145297408104
0,0.0010000000474974513,33399,0.0013061092467978597,
0,,33399,,0.0013185369316488504
0,0.0010000000474974513,33449,0.024902546778321266,
0,,33449,,0.023184791207313538
0,0.0010000000474974513,33499,0.0011203049216419458,
0,,33499,,0.0011050638277083635
0,0.0010000000474974513,33549,0.005711487028747797,
0,,33549,,0.004894267302006483
0,0.0010000000474974513,33599,0.0013479297049343586,
0,,33599,,0.0014702656771987677
0,0.0010000000474974513,33649,0.0050801546312868595,
0,,33649,,0.004836848471313715
0,0.0010000000474974513,33699,0.0012188261607661843,
0,,33699,,0.0012652555014938116
0,0.0010000000474974513,33749,0.004581267945468426,
0,,33749,,0.004642589017748833
0,0.0010000000474974513,33799,0.005995042622089386,
0,,33799,,0.007045534439384937
0,0.0010000000474974513,33849,0.001525147003121674,
0,,33849,,0.0013938657939434052
0,0.0010000000474974513,33899,0.006468747276812792,
0,,33899,,0.00604961859062314
0,0.0010000000474974513,33949,0.017810873687267303,
0,,33949,,0.019714226946234703
0,0.0010000000474974513,33999,0.001692296238616109,
0,,33999,,0.001747302943840623
0,0.0010000000474974513,34049,0.004221620503813028,
0,,34049,,0.00562282744795084
0,0.0010000000474974513,34099,0.0031717782840132713,
0,,34099,,0.0036124861799180508
0,0.0010000000474974513,34149,0.0031876082066446543,
0,,34149,,0.0022479647304862738
0,0.0010000000474974513,34199,0.004781730007380247,
0,,34199,,0.0062639894895255566
0,0.0010000000474974513,34249,0.0012422958388924599,
0,,34249,,0.0011537970276549459
0,0.0010000000474974513,34299,0.0013258431572467089,
0,,34299,,0.0013624295825138688
0,0.0010000000474974513,34349,0.00622542854398489,
0,,34349,,0.0063924361020326614
0,0.0010000000474974513,34399,0.0011637432035058737,
0,,34399,,0.001228534965775907
0,0.0010000000474974513,34449,0.006235273089259863,
0,,34449,,0.0034916256554424763
0,0.0010000000474974513,34499,0.0010852660052478313,
0,,34499,,0.0010870173573493958
0,0.0010000000474974513,34549,0.001197516219690442,
0,,34549,,0.0011126716854050756
0,0.0010000000474974513,34599,0.0028233597986400127,
0,,34599,,0.003552556736394763
0,0.0010000000474974513,34649,0.00432766554877162,
0,,34649,,0.004269089549779892
0,0.0010000000474974513,34699,0.00325899594463408,
0,,34699,,0.0034656235948204994
0,0.0010000000474974513,34749,0.009276961907744408,
0,,34749,,0.01228476595133543
0,0.0010000000474974513,34799,0.001043710857629776,
0,,34799,,0.0010706400498747826
0,0.0010000000474974513,34849,0.013997158966958523,
0,,34849,,0.011219295673072338
0,0.0010000000474974513,34899,0.0012919751461595297,
0,,34899,,0.0012936419807374477
0,0.0010000000474974513,34949,0.003631488187238574,
0,,34949,,0.0019025517394766212
0,0.0010000000474974513,34999,0.0011031189933419228,
0,,34999,,0.0011164966272190213
0,0.0010000000474974513,35049,0.017053956165909767,
0,,35049,,0.015137867070734501
0,0.0010000000474974513,35099,0.0013402757467702031,
0,,35099,,0.0013396716676652431
0,0.0010000000474974513,35149,0.004536907654255629,
0,,35149,,0.0032909533474594355
0,0.0010000000474974513,35199,0.0011151086073368788,
0,,35199,,0.0011448913719505072
0,0.0010000000474974513,35249,0.002139859367161989,
0,,35249,,0.00746966851875186
0,0.0010000000474974513,35299,0.001298936433158815,
0,,35299,,0.0012494297698140144
0,0.0010000000474974513,35349,0.0010018120519816875,
0,,35349,,0.001019301824271679
0,0.0010000000474974513,35399,0.002265138318762183,
0,,35399,,0.0022753304801881313
0,0.0010000000474974513,35449,0.001041877898387611,
0,,35449,,0.001095817075110972
0,0.0010000000474974513,35499,0.0019960664212703705,
0,,35499,,0.003492567455396056
0,0.0010000000474974513,35549,0.0011678035371005535,
0,,35549,,0.0011651295935735106
0,0.0010000000474974513,35599,0.0034673623740673065,
0,,35599,,0.0033062498550862074
0,0.0010000000474974513,35649,0.0016189418965950608,
0,,35649,,0.001907183090224862
0,0.0010000000474974513,35699,0.0016361060552299023,
0,,35699,,0.0012267993297427893
0,0.0010000000474974513,35749,0.0018824607832357287,
0,,35749,,0.0020469119772315025
0,0.0010000000474974513,35799,0.002303804038092494,
0,,35799,,0.0030701151117682457
0,0.0010000000474974513,35849,0.00399027718231082,
0,,35849,,0.005297699943184853
0,0.0010000000474974513,35899,0.0012372095370665193,
0,,35899,,0.0010782803874462843
0,0.0010000000474974513,35949,0.0010622796835377812,
0,,35949,,0.0010818890295922756
0,0.0010000000474974513,35999,0.002913685981184244,
0,,35999,,0.003222019411623478
0,0.0010000000474974513,36049,0.0010078678606078029,
0,,36049,,0.0009848355548456311
0,0.0010000000474974513,36099,0.001011556014418602,
0,,36099,,0.0009919860167428851
0,0.0010000000474974513,36149,0.011266189627349377,
0,,36149,,0.008679503574967384
0,0.0010000000474974513,36199,0.0010347256902605295,
0,,36199,,0.0010151771130040288
0,0.0010000000474974513,36249,0.0010109484428539872,
0,,36249,,0.001047567231580615
0,0.0010000000474974513,36299,0.003342746291309595,
0,,36299,,0.0024194747675210238
0,0.0010000000474974513,36349,0.015060174278914928,
0,,36349,,0.01959066092967987
0,0.0010000000474974513,36399,0.0021488924976438284,
0,,36399,,0.00198982167057693
0,0.0010000000474974513,36449,0.003895178437232971,
0,,36449,,0.0043320246040821075
0,0.0010000000474974513,36499,0.0016054717125371099,
0,,36499,,0.0012222768273204565
0,0.0010000000474974513,36549,0.004630259703844786,
0,,36549,,0.0053202928975224495
0,0.0010000000474974513,36599,0.0048407395370304585,
0,,36599,,0.005871444940567017
0,0.0010000000474974513,36649,0.0009796291124075651,
0,,36649,,0.0009927282808348536
0,0.0010000000474974513,36699,0.006198327988386154,
0,,36699,,0.0051416875794529915
0,0.0010000000474974513,36749,0.002197355031967163,
0,,36749,,0.0018754630582407117
0,0.0010000000474974513,36799,0.007517760153859854,
0,,36799,,0.00824793241918087
0,0.0010000000474974513,36849,0.0009697554050944746,
0,,36849,,0.0009887879714369774
0,0.0010000000474974513,36899,0.021199237555265427,
0,,36899,,0.0032398076727986336
0,0.0010000000474974513,36949,0.0012423620792105794,
0,,36949,,0.0011930675245821476
0,0.0010000000474974513,36999,0.001065518707036972,
0,,36999,,0.0011105472221970558
0,0.0010000000474974513,37049,0.0010348756331950426,
0,,37049,,0.0010843210620805621
0,0.0010000000474974513,37099,0.0010911491699516773,
0,,37099,,0.0019338626880198717
0,0.0010000000474974513,37149,0.0011342058423906565,
0,,37149,,0.0011814587051048875
0,0.0010000000474974513,37199,0.004969203379005194,
0,,37199,,0.004587023053318262
0,0.0010000000474974513,37249,0.0013847625814378262,
0,,37249,,0.0015809122705832124
0,0.0010000000474974513,37299,0.0019456443842500448,
0,,37299,,0.0018095006234943867
0,0.0010000000474974513,37349,0.005394692998379469,
0,,37349,,0.006810283754020929
0,0.0010000000474974513,37399,0.0012918692082166672,
0,,37399,,0.0013961774529889226
0,0.0010000000474974513,37449,0.011045947670936584,
0,,37449,,0.005673077888786793
0,0.0010000000474974513,37499,0.0009165824740193784,
0,,37499,,0.0009573690476827323
0,0.0010000000474974513,37549,0.016647815704345703,
0,,37549,,0.0151582146063447
0,0.0010000000474974513,37599,0.0013797272695228457,
0,,37599,,0.001229489571414888
0,0.0010000000474974513,37649,0.002154516289010644,
0,,37649,,0.002732861088588834
0,0.0010000000474974513,37699,0.0027105812914669514,
0,,37699,,0.00272373971529305
0,0.0010000000474974513,37749,0.0010158080840483308,
0,,37749,,0.0010412894189357758
0,0.0010000000474974513,37799,0.0017155890818685293,
0,,37799,,0.005606471560895443
0,0.0010000000474974513,37849,0.001143461326137185,
0,,37849,,0.0011357595212757587
0,0.0010000000474974513,37899,0.0012220885837450624,
0,,37899,,0.0013596544740721583
0,0.0010000000474974513,37949,0.020338384434580803,
0,,37949,,0.018441999331116676
0,0.0010000000474974513,37999,0.0009792387718334794,
0,,37999,,0.001063103205524385
0,0.0010000000474974513,38049,0.06299616396427155,
0,,38049,,0.06164174899458885
0,0.0010000000474974513,38099,0.0010650238255038857,
0,,38099,,0.0014059396926313639
0,0.0010000000474974513,38149,0.000899166741874069,
0,,38149,,0.0009248388814739883
0,0.0010000000474974513,38199,0.007099975366145372,
0,,38199,,0.008466754108667374
0,0.0010000000474974513,38249,0.0021162480115890503,
0,,38249,,0.002124107675626874
0,0.0010000000474974513,38299,0.006318488158285618,
0,,38299,,0.0073470501229166985
0,0.0010000000474974513,38349,0.0008915562066249549,
0,,38349,,0.0009067418286576867
0,0.0010000000474974513,38399,0.006464683450758457,
0,,38399,,0.00227150390855968
0,0.0010000000474974513,38449,0.0010160631500184536,
0,,38449,,0.0010165026178583503
0,0.0010000000474974513,38499,0.0011180791771039367,
0,,38499,,0.0009976879227906466
0,0.0010000000474974513,38549,0.020696328952908516,
0,,38549,,0.02323266677558422
0,0.0010000000474974513,38599,0.0010496028698980808,
0,,38599,,0.0011274729622527957
0,0.0010000000474974513,38649,0.009272818453609943,
0,,38649,,0.011426202021539211
0,0.0010000000474974513,38699,0.0011962619610130787,
0,,38699,,0.0010032335994765162
0,0.0010000000474974513,38749,0.0009654416935518384,
0,,38749,,0.0009833192452788353
0,0.0010000000474974513,38799,0.0012545249192044139,
0,,38799,,0.001286971033550799
0,0.0010000000474974513,38849,0.0040772152133286,
0,,38849,,0.00428102957084775
0,0.0010000000474974513,38899,0.0009807664901018143,
0,,38899,,0.0009665715624578297
0,0.0010000000474974513,38949,0.0016032848507165909,
0,,38949,,0.0015774366911500692
0,0.0010000000474974513,38999,0.0009169979603029788,
0,,38999,,0.0008984735468402505
0,0.0010000000474974513,39049,0.005513892043381929,
0,,39049,,0.004778970964252949
0,0.0010000000474974513,39099,0.001078328350558877,
0,,39099,,0.0010560400551185012
0,0.0010000000474974513,39149,0.002087034983560443,
0,,39149,,0.0023625607136636972
0,0.0010000000474974513,39199,0.001937564928084612,
0,,39199,,0.0016521475045010448
0,0.0010000000474974513,39249,0.0009494673577137291,
0,,39249,,0.0009919238509610295
0,0.0010000000474974513,39299,0.02181246690452099,
0,,39299,,0.014355461113154888
0,0.0010000000474974513,39349,0.000986071303486824,
0,,39349,,0.0010306712938472629
0,0.0010000000474974513,39399,0.0010095895268023014,
0,,39399,,0.0010264526354148984
0,0.0010000000474974513,39449,0.0021287768613547087,
0,,39449,,0.0024535581469535828
0,0.0010000000474974513,39499,0.0032416903413832188,
0,,39499,,0.0038270223885774612
0,0.0010000000474974513,39549,0.0009600654593668878,
0,,39549,,0.0009951565880328417
0,0.0010000000474974513,39599,0.01812959462404251,
0,,39599,,0.02439391426742077
0,0.0010000000474974513,39649,0.0010830577230080962,
0,,39649,,0.0011171330697834492
0,0.0010000000474974513,39699,0.015633532777428627,
0,,39699,,0.019473403692245483
0,0.0010000000474974513,39749,0.0009498921572230756,
0,,39749,,0.0010299462592229247
0,0.0010000000474974513,39799,0.0009641728829592466,
0,,39799,,0.0009424663730897009
0,0.0010000000474974513,39849,0.018356524407863617,
0,,39849,,0.02080480381846428
0,0.0010000000474974513,39899,0.0009274460608139634,
0,,39899,,0.000960320292506367
0,0.0010000000474974513,39949,0.001020350493490696,
0,,39949,,0.0010689626215025783
0,0.0010000000474974513,39999,0.0025331699289381504,
0,,39999,,0.00255388580262661
0,0.0010000000474974513,40049,0.0034648168366402388,
0,,40049,,0.0032054490875452757
0,0.0010000000474974513,40099,0.001186731387861073,
0,,40099,,0.0013540833024308085
0,0.0010000000474974513,40149,0.0018689131829887629,
0,,40149,,0.0010666390880942345
0,0.0010000000474974513,40199,0.0012825654121115804,
0,,40199,,0.0013468909310176969
0,0.0010000000474974513,40249,0.0021356979850679636,
0,,40249,,0.001860827556811273
0,0.0010000000474974513,40299,0.035814039409160614,
0,,40299,,0.02680715173482895
0,0.0010000000474974513,40349,0.0009593981085345149,
0,,40349,,0.0009797308593988419
0,0.0010000000474974513,40399,0.0026325054932385683,
0,,40399,,0.003270938526839018
0,0.0010000000474974513,40449,0.0018906466430053115,
0,,40449,,0.0016338531859219074
0,0.0010000000474974513,40499,0.0008866555290296674,
0,,40499,,0.000967444502748549
0,0.0010000000474974513,40549,0.00363763771019876,
0,,40549,,0.00466162571683526
0,0.0010000000474974513,40599,0.005586687475442886,
0,,40599,,0.005610516760498285
0,0.0010000000474974513,40649,0.017581643536686897,
0,,40649,,0.022344065830111504
0,0.0010000000474974513,40699,0.0015269499272108078,
0,,40699,,0.001587074832059443
0,0.0010000000474974513,40749,0.0014918944798409939,
0,,40749,,0.002003623405471444
0,0.0010000000474974513,40799,0.0009499337174929678,
0,,40799,,0.000978513970039785
0,0.0010000000474974513,40849,0.0026155062951147556,
0,,40849,,0.004528393968939781
0,0.0010000000474974513,40899,0.0010179700329899788,
0,,40899,,0.001139771775342524
0,0.0010000000474974513,40949,0.0008542198920622468,
0,,40949,,0.0008368890848942101
0,0.0010000000474974513,40999,0.001459693186916411,
0,,40999,,0.001082365750335157
0,0.0010000000474974513,41049,0.002069751964882016,
0,,41049,,0.0020663407631218433
0,0.0010000000474974513,41099,0.04616459459066391,
0,,41099,,0.04794555902481079
0,0.0010000000474974513,41149,0.0010521875228732824,
0,,41149,,0.0011324119986966252
0,0.0010000000474974513,41199,0.0011199802393093705,
0,,41199,,0.0011172705562785268
0,0.0010000000474974513,41249,0.013098802417516708,
0,,41249,,0.014936668798327446
0,0.0010000000474974513,41299,0.0009328831802122295,
0,,41299,,0.0009387376485392451
0,0.0010000000474974513,41349,0.004842177499085665,
0,,41349,,0.005426834337413311
0,0.0010000000474974513,41399,0.0025945736560970545,
0,,41399,,0.0025011547841131687
0,0.0010000000474974513,41449,0.0014372059376910329,
0,,41449,,0.0008801172371022403
0,0.0010000000474974513,41499,0.0015871630748733878,
0,,41499,,0.0014646978816017509
0,0.0010000000474974513,41549,0.018784498795866966,
0,,41549,,0.020860901102423668
0,0.0010000000474974513,41599,0.0018285379046574235,
0,,41599,,0.00211131339892745
0,0.0010000000474974513,41649,0.0010089525021612644,
0,,41649,,0.0011358583578839898
0,0.0010000000474974513,41699,0.02299957536160946,
0,,41699,,0.026735717430710793
0,0.0010000000474974513,41749,0.0016077160835266113,
0,,41749,,0.0014073109487071633
0,0.0010000000474974513,41799,0.002771225292235613,
0,,41799,,0.0031644392292946577
0,0.0010000000474974513,41849,0.050028517842292786,
0,,41849,,0.042175423353910446
0,0.0010000000474974513,41899,0.0010503948433324695,
0,,41899,,0.0011942405253648758
0,0.0010000000474974513,41949,0.0008025132119655609,
0,,41949,,0.0008065766305662692
0,0.0005000000237487257,41999,0.0007911932771094143,
0,,41999,,0.0008001154637895525
0,0.0005000000237487257,42049,0.0007767098140902817,
0,,42049,,0.0007967600831761956
0,0.0005000000237487257,42099,0.0007639169343747199,
0,,42099,,0.0007967440760694444
0,0.0005000000237487257,42149,0.00078687904169783,
0,,42149,,0.0007949410937726498
0,0.0005000000237487257,42199,0.0007931254804134369,
0,,42199,,0.0007945728139020503
0,0.0005000000237487257,42249,0.000806251133326441,
0,,42249,,0.0007930778665468097
0,0.0005000000237487257,42299,0.0007919708732515574,
0,,42299,,0.0007984260446392
0,0.0005000000237487257,42349,0.0007700566784478724,
0,,42349,,0.0007907079998403788
0,0.0005000000237487257,42399,0.0007974733016453683,
0,,42399,,0.0007904523517936468
0,0.0005000000237487257,42449,0.0007640725234523416,
0,,42449,,0.0007949720020405948
0,0.0005000000237487257,42499,0.0007866300293244421,
0,,42499,,0.0007882262580096722
0,0.0005000000237487257,42549,0.0007606506696902215,
0,,42549,,0.0007869448745623231
0,0.0005000000237487257,42599,0.0007728257332928479,
0,,42599,,0.0007869488326832652
0,0.0005000000237487257,42649,0.0007974554901011288,
0,,42649,,0.0007867264794185758
0,0.0005000000237487257,42699,0.0007658407557755709,
0,,42699,,0.000793665589299053
0,0.0005000000237487257,42749,0.000766248966101557,
0,,42749,,0.0007845375803299248
0,0.0005000000237487257,42799,0.0007533600437454879,
0,,42799,,0.0007853778079152107
0,0.0005000000237487257,42849,0.000790193269494921,
0,,42849,,0.00078178895637393
0,0.0005000000237487257,42899,0.0007759655709378421,
0,,42899,,0.0007777225109748542
0,0.0005000000237487257,42949,0.0007505315588787198,
0,,42949,,0.0007805960485711694
0,0.0005000000237487257,42999,0.0007589052547700703,
0,,42999,,0.0007782444008626044
0,0.0005000000237487257,43049,0.0007841868791729212,
0,,43049,,0.000781472772359848
0,0.0005000000237487257,43099,0.0007756573031656444,
0,,43099,,0.0007847422966733575
0,0.0005000000237487257,43149,0.0007629431202076375,
0,,43149,,0.0007792658288963139
0,0.0005000000237487257,43199,0.0007538569625467062,
0,,43199,,0.0007695717504248023
0,0.0005000000237487257,43249,0.000768940313719213,
0,,43249,,0.0007715916144661605
0,0.0005000000237487257,43299,0.0007773624383844435,
0,,43299,,0.0007889182888902724
0,0.0002500000118743628,43349,0.000747721700463444,
0,,43349,,0.0008702236227691174
0,0.0002500000118743628,43399,0.0007422721246257424,
0,,43399,,0.0007651278283447027
0,0.0002500000118743628,43449,0.0007845768122933805,
0,,43449,,0.0007619752432219684
0,0.0002500000118743628,43499,0.000740459596272558,
0,,43499,,0.000763226009439677
0,0.0002500000118743628,43549,0.0007649806211702526,
0,,43549,,0.0007616134244017303
0,0.0002500000118743628,43599,0.0007509344723075628,
0,,43599,,0.0007634131470695138
0,0.0002500000118743628,43649,0.0007741811568848789,
0,,43649,,0.000760271679610014
0,0.0002500000118743628,43699,0.0007535264012403786,
0,,43699,,0.0007591616595163941
0,0.0002500000118743628,43749,0.000742706994060427,
0,,43749,,0.0007601677789352834
0,0.0002500000118743628,43799,0.0007463691290467978,
0,,43799,,0.000758592679630965
0,0.0002500000118743628,43849,0.0007433153805322945,
0,,43849,,0.000755846849642694
0,0.0002500000118743628,43899,0.0007594694034196436,
0,,43899,,0.0007562513928860426
0,0.0002500000118743628,43949,0.0007558149518445134,
0,,43949,,0.0007531699957326055
0,0.0002500000118743628,43999,0.0007525990367867053,
0,,43999,,0.0007548595895059407
0,0.0002500000118743628,44049,0.0007331132073886693,
0,,44049,,0.000750984821934253
0,0.0002500000118743628,44099,0.0007493973826058209,
0,,44099,,0.0007533873431384563
0,0.0002500000118743628,44149,0.0007527181296609342,
0,,44149,,0.0007502414518967271
0,0.0002500000118743628,44199,0.000721424468792975,
0,,44199,,0.0007480507483705878
0,0.0002500000118743628,44249,0.0007465967792086303,
0,,44249,,0.0007480384665541351
0,0.0002500000118743628,44299,0.0007639037212356925,
0,,44299,,0.0007505000103265047
0,0.0002500000118743628,44349,0.0007218800019472837,
0,,44349,,0.0007467137183994055
0,0.0002500000118743628,44399,0.0007476068567484617,
0,,44399,,0.0007453271537087858
0,0.0002500000118743628,44449,0.0007366458885371685,
0,,44449,,0.00074231275357306
0,0.0002500000118743628,44499,0.0007488352712243795,
0,,44499,,0.0007494193851016462
0,0.0002500000118743628,44549,0.0007465800154022872,
0,,44549,,0.0007410644902847707
0,0.0002500000118743628,44599,0.0007518758648075163,
0,,44599,,0.0007440208573825657
0,0.0002500000118743628,44649,0.0007182529661804438,
0,,44649,,0.0007440486224368215
0,0.0002500000118743628,44699,0.0007187318988144398,
0,,44699,,0.0007668122998438776
0,0.0002500000118743628,44749,0.0007579606026411057,
0,,44749,,0.0007581360987387598
0,0.0002500000118743628,44799,0.0007149945595301688,
0,,44799,,0.0007676036912016571
0,0.0002500000118743628,44849,0.0010372299002483487,
0,,44849,,0.0010609918972477317
0,0.0002500000118743628,44899,0.0007795276469551027,
0,,44899,,0.00076156115392223
0,0.0002500000118743628,44949,0.0011734077706933022,
0,,44949,,0.0009679456707090139
0,0.0002500000118743628,44999,0.0007540980586782098,
0,,44999,,0.0007466936367563903
0,0.0002500000118743628,45049,0.0012016197433695197,
0,,45049,,0.0011525341542437673
0,0.0002500000118743628,45099,0.0008784027886576951,
0,,45099,,0.0008616002160124481
0,0.0002500000118743628,45149,0.0011609611101448536,
0,,45149,,0.0010605164570733905
0,0.0002500000118743628,45199,0.000752778840251267,
0,,45199,,0.0007504828972741961
0,0.0002500000118743628,45249,0.0007326711202040315,
0,,45249,,0.0007652798667550087
0,0.0002500000118743628,45299,0.0007733645616099238,
0,,45299,,0.0007579136290587485
0,0.0002500000118743628,45349,0.0007303542806766927,
0,,45349,,0.0007431649137288332
0,0.0002500000118743628,45399,0.0007039977353997529,
0,,45399,,0.0007292890222743154
0,0.0002500000118743628,45449,0.0007109805592335761,
0,,45449,,0.00071961700450629
0,0.0002500000118743628,45499,0.000713612069375813,
0,,45499,,0.0007480873609893024
0,0.0002500000118743628,45549,0.0007823246996849775,
0,,45549,,0.0007945860270410776
0,0.0002500000118743628,45599,0.001030073850415647,
0,,45599,,0.001064180163666606
0,0.0002500000118743628,45649,0.0006966362707316875,
0,,45649,,0.0007186255534179509
0,0.0002500000118743628,45699,0.0007721313158981502,
0,,45699,,0.0007960950024425983
0,0.0002500000118743628,45749,0.0013432191917672753,
0,,45749,,0.0008777165785431862
0,0.0002500000118743628,45799,0.0007303735474124551,
0,,45799,,0.0007327597704716027
0,0.0002500000118743628,45849,0.0007015042938292027,
0,,45849,,0.0007138955406844616
0,0.0002500000118743628,45899,0.0009006417822092772,
0,,45899,,0.0008984767482616007
0,0.0002500000118743628,45949,0.0010586505522951484,
0,,45949,,0.0011224155314266682
0,0.0002500000118743628,45999,0.0007464104564860463,
0,,45999,,0.0007493644370697439
0,0.0002500000118743628,46049,0.0008927073213271797,
0,,46049,,0.0010093786986544728
0,0.0002500000118743628,46099,0.0007253433577716351,
0,,46099,,0.0007280388963408768
0,0.0002500000118743628,46149,0.0007939014467410743,
0,,46149,,0.0007734676473774016
0,0.0002500000118743628,46199,0.0007154965423978865,
0,,46199,,0.0007107362616807222
0,0.0002500000118743628,46249,0.0007244984735734761,
0,,46249,,0.0007876350427977741
0,0.0002500000118743628,46299,0.000788726145401597,
0,,46299,,0.0007740212604403496
0,0.0002500000118743628,46349,0.0008682775078341365,
0,,46349,,0.0008870825404301286
0,0.0002500000118743628,46399,0.0007850457914173603,
0,,46399,,0.0007402808405458927
0,0.0002500000118743628,46449,0.0007190826581791043,
0,,46449,,0.0007857240852899849
0,0.0002500000118743628,46499,0.0007194957579486072,
0,,46499,,0.0007230871706269681
0,0.0002500000118743628,46549,0.0007028495310805738,
0,,46549,,0.0006987684755586088
0,0.0002500000118743628,46599,0.0007794145494699478,
0,,46599,,0.0008227346697822213
0,0.0002500000118743628,46649,0.0013731917133554816,
0,,46649,,0.001538333366625011
0,0.0002500000118743628,46699,0.0007565130363218486,
0,,46699,,0.000753154861740768
0,0.0002500000118743628,46749,0.0012641834327951074,
0,,46749,,0.0016093684826046228
0,0.0002500000118743628,46799,0.0007147752330638468,
0,,46799,,0.0007079234346747398
0,0.0002500000118743628,46849,0.0006908632931299508,
0,,46849,,0.0007204229477792978
0,0.0002500000118743628,46899,0.001213718205690384,
0,,46899,,0.001325790537521243
0,0.0002500000118743628,46949,0.0007669716142117977,
0,,46949,,0.0008005016716197133
0,0.0002500000118743628,46999,0.0007032905123196542,
0,,46999,,0.000716274487785995
0,0.0002500000118743628,47049,0.0007463011424988508,
0,,47049,,0.0008010737365111709
0,0.0002500000118743628,47099,0.0006836652755737305,
0,,47099,,0.0006780711119063199
0,0.0002500000118743628,47149,0.0007249808986671269,
0,,47149,,0.0007688299519941211
0,0.0002500000118743628,47199,0.0015398745890706778,
0,,47199,,0.0016723574372008443
0,0.0002500000118743628,47249,0.0007025913801044226,
0,,47249,,0.0007144115515984595
0,0.0002500000118743628,47299,0.0013824423076584935,
0,,47299,,0.0011517652310431004
0,0.0002500000118743628,47349,0.0010147573193535209,
0,,47349,,0.0010773554677143693
0,0.0002500000118743628,47399,0.0006887345807626843,
0,,47399,,0.0007279291749000549
0,0.0002500000118743628,47449,0.0007620627293363214,
0,,47449,,0.0008174069807864726
0,0.0002500000118743628,47499,0.0007147110300138593,
0,,47499,,0.0007385616190731525
0,0.0002500000118743628,47549,0.0006240755901671946,
0,,47549,,0.0006725473795086145
0,0.0002500000118743628,47599,0.0007254782831296325,
0,,47599,,0.0007143169641494751
0,0.0002500000118743628,47649,0.0006513450643979013,
0,,47649,,0.0007304769242182374
0,0.0002500000118743628,47699,0.0007808480877429247,
0,,47699,,0.0008336566970683634
0,0.0002500000118743628,47749,0.0007221474079415202,
0,,47749,,0.0007151007885113358
0,0.0002500000118743628,47799,0.0009740508394315839,
0,,47799,,0.0010093675227835774
0,0.0002500000118743628,47849,0.0007675740052945912,
0,,47849,,0.0007848152308724821
0,0.0002500000118743628,47899,0.0006751670152880251,
0,,47899,,0.0007242272258736193
0,0.0002500000118743628,47949,0.0008014139020815492,
0,,47949,,0.0008656946010887623
0,0.0002500000118743628,47999,0.000728607876226306,
0,,47999,,0.0007352774264290929
0,0.0002500000118743628,48049,0.0006618907791562378,
0,,48049,,0.0006868429481983185
0,0.0002500000118743628,48099,0.000665893719997257,
0,,48099,,0.0006909911171533167
0,0.0002500000118743628,48149,0.0014289998216554523,
0,,48149,,0.0012086974456906319
0,0.0002500000118743628,48199,0.000665642146486789,
0,,48199,,0.0006643502856604755
0,0.0002500000118743628,48249,0.0007034187437966466,
0,,48249,,0.0007428757380694151
0,0.0002500000118743628,48299,0.0007732221856713295,
0,,48299,,0.0008271939586848021
0,0.0002500000118743628,48349,0.0007894871523603797,
0,,48349,,0.0008082176791504025
0,0.0002500000118743628,48399,0.0013651368208229542,
0,,48399,,0.00144508620724082
0,0.0002500000118743628,48449,0.0008941270061768591,
0,,48449,,0.0009352833149023354
0,0.0002500000118743628,48499,0.0006526109063997865,
0,,48499,,0.0006898686988279223
0,0.0002500000118743628,48549,0.0006971188704483211,
0,,48549,,0.0007003306527622044
0,0.00012492112000472844,48599,0.0006246166885830462,
0,,48599,,0.000641543185338378
0,0.0001246714236913249,48649,0.0006186850951053202,
0,,48649,,0.0006407188484445214
0,0.00012425145541783422,48699,0.0006435368559323251,
0,,48699,,0.000641048769466579
0,0.0001236623793374747,48749,0.0006319892127066851,
0,,48749,,0.0006410856149159372
0,0.00012290578160900623,48799,0.0006278946530073881,
0,,48799,,0.0006430539069697261
0,0.00012198376498417929,48849,0.0006255951011553407,
0,,48849,,0.000638440134935081
0,0.00012089883966837078,48899,0.0006270355661399662,
0,,48899,,0.0006389691261574626
0,0.00011965398880420253,48949,0.0006322195986285806,
0,,48949,,0.0006389791378751397
0,0.00011825261753983796,48999,0.0006069393712095916,
0,,48999,,0.0006361554842442274
0,0.00011669856758089736,49049,0.0006360110128298402,
0,,49049,,0.0006366081070154905
0,0.00011499609536258504,49099,0.0006213780143298209,
0,,49099,,0.0006353209028020501
0,0.00011314987932564691,49149,0.0006377278477884829,
0,,49149,,0.0006348527385853231
0,0.00011116496898466721,49199,0.000634635565802455,
0,,49199,,0.0006351866759359837
0,0.00010904681403189898,49249,0.0006255927146412432,
0,,49249,,0.0006344020366668701
0,0.00010680120612960309,49299,0.0006120458128862083,
0,,49299,,0.0006377376848831773
0,0.00010443431528983638,49349,0.000650277768727392,
0,,49349,,0.0006336133810691535
0,0.00010195261711487547,49399,0.0006173716974444687,
0,,49399,,0.0006343872519209981
0,9.936292190104723e-05,49449,0.0006220059003680944,
0,,49449,,0.0006325736176222563
0,9.66723237070255e-05,49499,0.0006148398970253766,
0,,49499,,0.0006339937099255621
0,9.388820035383105e-05,49549,0.0006304571288637817,
0,,49549,,0.0006331883487291634
0,9.101818432100117e-05,49599,0.0006277429056353867,
0,,49599,,0.000630177091807127
0,8.807013364275917e-05,49649,0.0006080718012526631,
0,,49649,,0.000628710025921464
0,8.505213918397203e-05,49699,0.0005986551404930651,
0,,49699,,0.000628062873147428
0,8.197245915653184e-05,49749,0.0006265118136070669,
0,,49749,,0.0006279951194301248
0,7.88395554991439e-05,49799,0.0006196071044541895,
0,,49799,,0.0006281594978645444
0,7.56619920139201e-05,49849,0.0006205801037140191,
0,,49849,,0.0006283582770265639
0,7.244849257403985e-05,49899,0.0006137796444818377,
0,,49899,,0.0006248839199542999
0,6.920786836417392e-05,49949,0.0006226221448741853,
0,,49949,,0.0006261995295062661
0,6.5948988776654e-05,49999,0.0006146411178633571,
0,,49999,,0.0006238783826120198
0,6.268079596338794e-05,50049,0.0005939370021224022,
0,,50049,,0.0006242129020392895
0,5.9412242990219966e-05,50099,0.0006066418718546629,
0,,50099,,0.000622850377112627
0,5.615229019895196e-05,50149,0.0006153055001050234,
0,,50149,,0.0006231614970602095
0,5.2909872465534136e-05,50199,0.0006102030165493488,
0,,50199,,0.0006222114898264408
0,4.9693881010171026e-05,50249,0.0005931566702201962,
0,,50249,,0.0006224805256351829
0,4.65131233795546e-05,50299,0.0006519312737509608,
0,,50299,,0.0006212234147824347
0,4.337632344686426e-05,50349,0.0006129584508016706,
0,,50349,,0.0006208850536495447
0,4.029207775602117e-05,50399,0.0006276441272348166,
0,,50399,,0.0006212900043465197
0,3.726884096977301e-05,50449,0.0005929606268182397,
0,,50449,,0.0006192696746438742
0,3.4314893127884716e-05,50499,0.0006080898456275463,
0,,50499,,0.000618738413322717
0,3.143833964713849e-05,50549,0.0005961475544609129,
0,,50549,,0.0006194781162776053
0,2.8647060389630497e-05,50599,0.0006174758891575038,
0,,50599,,0.0006186304381117225
0,2.5948706024792045e-05,50649,0.0005957578541710973,
0,,50649,,0.000617801328189671
0,2.335067438252736e-05,50699,0.0006028389907442033,
0,,50699,,0.0006186878308653831
0,2.0860084987361915e-05,50749,0.0005940356058999896,
0,,50749,,0.0006173406727612019
0,1.8483764506527223e-05,50799,0.0006268682773225009,
0,,50799,,0.0006176389288157225
0,1.622822674107738e-05,50849,0.0006065079942345619,
0,,50849,,0.0006172135472297668
0,1.4099652617005631e-05,50899,0.0006055779522284865,
0,,50899,,0.000616755336523056
0,1.2103878361813258e-05,50949,0.0005929858307354152,
0,,50949,,0.0006164924707263708
0,1.0246373676636722e-05,50999,0.0006065705674700439,
0,,50999,,0.0006161361234262586
0,8.532229912816547e-06,51049,0.000595651101320982,
0,,51049,,0.0006163670332171023
0,6.966144155740039e-06,51099,0.000611025549005717,
0,,51099,,0.0006160252960398793
0,5.5524105846416205e-06,51149,0.0005911231273785233,
0,,51149,,0.0006160845514386892
0,4.294902737456141e-06,51199,0.0006020599976181984,
0,,51199,,0.0006158981705084443
0,3.1970687359716976e-06,51249,0.0005901936674490571,
0,,51249,,0.0006158512551337481
0,2.261916733914404e-06,51299,0.0006079029408283532,
0,,51299,,0.0006157942116260529
0,1.4920101421012077e-06,51349,0.0006154081784188747,
0,,51349,,0.0006156978779472411
0,8.89459215613897e-07,51399,0.000603887892793864,
0,,51399,,0.000615732918959111
0,4.559156536743103e-07,51449,0.0005903823184780777,
0,,51449,,0.0006156583549454808
0,1.9256761163433112e-07,51499,0.0006217706832103431,
0,,51499,,0.0006156601593829691
0,1.0013696538635486e-07,51549,0.0005911343614570796,
0,,51549,,0.0006156685412861407
0,1.0000000116860974e-07,51599,0.0005979874404147267,
0,,51599,,0.0006156534072943032
0,1.0000000116860974e-07,51649,0.0006168354884721339,
0,,51649,,0.0006156545714475214
0,1.0000000116860974e-07,51699,0.0006006697658449411,
0,,51699,,0.0006156529998406768
0,1.0000000116860974e-07,51749,0.0006003966554999352,
0,,51749,,0.0006156652234494686
0,1.0000000116860974e-07,51799,0.0006142329657450318,
0,,51799,,0.0006156700546853244
0,1.0000000116860974e-07,51849,0.0006060581654310226,
0,,51849,,0.0006156684248708189
0,1.0000000116860974e-07,51899,0.0005922660348005593,
0,,51899,,0.0006156587041914463
0,1.0000000116860974e-07,51949,0.0006144047365523875,
0,,51949,,0.0006156533490866423
0,1.0000000116860974e-07,51999,0.0005994189414195716,
0,,51999,,0.0006156762246973813
0,1.0000000116860974e-07,52049,0.0006107485969550908,
0,,52049,,0.0006156675517559052
0,1.0000000116860974e-07,52099,0.0006243747775442898,
0,,52099,,0.0006156543386168778
0,1.0000000116860974e-07,52149,0.0006145758088678122,
0,,52149,,0.0006156562594696879
0,1.0000000116860974e-07,52199,0.0005940982955507934,
0,,52199,,0.0006156684830784798
0,1.0000000116860974e-07,52249,0.00061968615045771,
0,,52249,,0.0006156579474918544
0,1.0000000116860974e-07,52299,0.0006177404429763556,
0,,52299,,0.0006156620220281184
0,1.0000000116860974e-07,52349,0.000598802522290498,
0,,52349,,0.0006156664458103478
0,1.0000000116860974e-07,52399,0.0006015956168994308,
0,,52399,,0.0006156598101370037
0,1.0000000116860974e-07,52449,0.0006151907728053629,
0,,52449,,0.0006156633608043194
0,1.0000000116860974e-07,52499,0.0005912142223678529,
0,,52499,,0.0006156550371088088
0,1.0000000116860974e-07,52549,0.0005791423609480262,
0,,52549,,0.000615657540038228
0,1.0000000116860974e-07,52599,0.0006022676243446767,
0,,52599,,0.0006156429299153388
0,1.0000000116860974e-07,52649,0.0006041712476871908,
0,,52649,,0.0006156327435746789
0,1.0000000116860974e-07,52699,0.0006020532455295324,
0,,52699,,0.0006156329764053226
0,1.0000000116860974e-07,52749,0.0006198721239343286,
0,,52749,,0.0006156477029435337
0,1.0000000116860974e-07,52799,0.0005987099139019847,
0,,52799,,0.0006156507879495621
0,1.0000000116860974e-07,52849,0.0006012186058796942,
0,,52849,,0.0006156632443889976
0,1.0000000116860974e-07,52899,0.000631440372671932,
0,,52899,,0.0006156404851935804
0,1.0000000116860974e-07,52949,0.000611256284173578,
0,,52949,,0.0006156417657621205
0,1.0000000116860974e-07,52999,0.0006028148927725852,
0,,52999,,0.0006156543968245387
0,1.0000000116860974e-07,53049,0.0006297026411630213,
0,,53049,,0.0006156332674436271
0,1.0000000116860974e-07,53099,0.0006253051687963307,
0,,53099,,0.000615664292126894
0,1.0000000116860974e-07,53149,0.0006104732165113091,
0,,53149,,0.0006156441522762179
0,1.0000000116860974e-07,53199,0.0006184308440424502,
0,,53199,,0.0006156588206067681
0,1.0000000116860974e-07,53249,0.000598871789406985,
0,,53249,,0.0006156431627459824
0,1.0000000116860974e-07,53299,0.0006074187695048749,
0,,53299,,0.0006156574236229062
0,1.0000000116860974e-07,53349,0.0006022152374498546,
0,,53349,,0.0006156558520160615
0,1.0000000116860974e-07,53399,0.0006072270916774869,
0,,53399,,0.0006156418821774423
0,1.0000000116860974e-07,53449,0.0006025140755809844,
0,,53449,,0.0006156441522762179
0,1.0000000116860974e-07,53499,0.0005961054703220725,
0,,53499,,0.000615644094068557
0,1.0000000116860974e-07,53549,0.0005954173975624144,
0,,53549,,0.000615625292994082
0,1.0000000116860974e-07,53599,0.0006019891588948667,
0,,53599,,0.0006156140007078648
0,1.0000000116860974e-07,53649,0.0006122171180322766,
0,,53649,,0.0006156202871352434
0,1.0000000116860974e-07,53699,0.0006116832955740392,
0,,53699,,0.0006156436866149306
0,1.0000000116860974e-07,53749,0.000602228450588882,
0,,53749,,0.0006156276795081794
0,1.0000000116860974e-07,53799,0.0005931982886977494,
0,,53799,,0.0006156289600767195
0,1.0000000116860974e-07,53849,0.0006000976427458227,
0,,53849,,0.0006156251183710992
0,1.0000000116860974e-07,53899,0.0005971672362647951,
0,,53899,,0.0006156153976917267
0,1.0000000116860974e-07,53949,0.0006135650328360498,
0,,53949,,0.0006155988667160273
0,1.0000000116860974e-07,53999,0.0006169870612211525,
0,,53999,,0.000615595025010407
0,1.0000000116860974e-07,54049,0.0006052982062101364,
0,,54049,,0.0006155961309559643
0,1.0000000116860974e-07,54099,0.0006020650616846979,
0,,54099,,0.0006156106246635318
0,1.0000000116860974e-07,54149,0.0006074372795410454,
0,,54149,,0.0006155750015750527
0,1.0000000116860974e-07,54199,0.0005996865802444518,
0,,54199,,0.0006155769224278629
0,1.0000000116860974e-07,54249,0.0006171604618430138,
0,,54249,,0.0006155670853331685
0,1.0000000116860974e-07,54299,0.000589152448810637,
0,,54299,,0.0006155860028229654
0,1.0000000116860974e-07,54349,0.0006126532098278403,
0,,54349,,0.0006156035815365613
0,1.0000000116860974e-07,54399,0.0006016727420501411,
0,,54399,,0.0006155674927867949
0,1.0000000116860974e-07,54449,0.0006069491500966251,
0,,54449,,0.0006156036979518831
0,1.0000000116860974e-07,54499,0.0005957103567197919,
0,,54499,,0.0006155510782264173
0,1.0000000116860974e-07,54549,0.0006046885391697288,
0,,54549,,0.0006155626615509391
0,1.0000000116860974e-07,54599,0.0005971500067971647,
0,,54599,,0.0006155298324301839
0,1.0000000116860974e-07,54649,0.0006113622221164405,
0,,54649,,0.000615525699686259
0,1.0000000116860974e-07,54699,0.0005995869869366288,
0,,54699,,0.000615580880548805
0,1.0000000116860974e-07,54749,0.000615813652984798,
0,,54749,,0.0006155807059258223
0,1.0000000116860974e-07,54799,0.0006037626881152391,
0,,54799,,0.0006155513692647219
0,1.0000000116860974e-07,54849,0.0006196238100528717,
0,,54849,,0.0006155419978313148
0,1.0000000116860974e-07,54899,0.0006111645488999784,
0,,54899,,0.0006155047449283302
0,1.0000000116860974e-07,54949,0.0006066687637940049,
0,,54949,,0.0006155920564197004
0,1.0000000116860974e-07,54999,0.0005983426817692816,
0,,54999,,0.0006155314040370286
0,1.0000000116860974e-07,55049,0.000592628086451441,
0,,55049,,0.000615501485299319
0,1.0000000116860974e-07,55099,0.0006052111275494099,
0,,55099,,0.0006154883303679526
0,1.0000000116860974e-07,55149,0.0006180838099680841,
0,,55149,,0.0006154864677228034
0,1.0000000116860974e-07,55199,0.0006168175023049116,
0,,55199,,0.0006154844886623323
0,1.0000000116860974e-07,55249,0.0006127185770310462,
0,,55249,,0.0006155066075734794
0,1.0000000116860974e-07,55299,0.0006068568327464163,
0,,55299,,0.0006154688308015466
0,1.0000000116860974e-07,55349,0.000610608549322933,
0,,55349,,0.0006154882139526308
0,1.0000000116860974e-07,55399,0.0005916953086853027,
0,,55399,,0.0006155174341984093
0,1.0000000116860974e-07,55449,0.0006066402420401573,
0,,55449,,0.0006154519505798817
0,1.0000000116860974e-07,55499,0.0006124352221377194,
0,,55499,,0.0006154818693175912
0,1.0000000116860974e-07,55549,0.0006007953779771924,
0,,55549,,0.0006155125447548926
0,1.0000000116860974e-07,55599,0.000598606769926846,
0,,55599,,0.0006155180744826794
0,1.0000000116860974e-07,55649,0.0006139811594039202,
0,,55649,,0.0006155181326903403
0,1.0000000116860974e-07,55699,0.0006028042989782989,
0,,55699,,0.0006154672591947019
0,1.0000000116860974e-07,55749,0.00060202059103176,
0,,55749,,0.0006154363509267569
0,1.0000000116860974e-07,55799,0.0006209304556250572,
0,,55799,,0.0006154686561785638
0,1.0000000116860974e-07,55849,0.0005823947722092271,
0,,55849,,0.0006154598668217659
0,1.0000000116860974e-07,55899,0.0005946953897364438,
0,,55899,,0.0006154357106424868
0,1.0000000116860974e-07,55949,0.0005813906318508089,
0,,55949,,0.0006154646980576217
0,1.0000000116860974e-07,55999,0.0006049307412467897,
0,,55999,,0.0006154272123239934
0,1.0000000116860974e-07,56049,0.0005946465535089374,
0,,56049,,0.0006154178990982473
0,1.0000000116860974e-07,56099,0.0006061961175873876,
0,,56099,,0.0006153928698040545
0,1.0000000116860974e-07,56149,0.0006193987210281193,
0,,56149,,0.0006154256407171488
0,1.0000000116860974e-07,56199,0.0006068174261599779,
0,,56199,,0.0006154412985779345
0,1.0000000116860974e-07,56249,0.0006283780094236135,
0,,56249,,0.0006153937429189682
0,1.0000000116860974e-07,56299,0.0006260588415898383,
0,,56299,,0.0006153638241812587
0,1.0000000116860974e-07,56349,0.0006114438292570412,
0,,56349,,0.0006153442081995308
0,1.0000000116860974e-07,56399,0.0005993340164422989,
0,,56399,,0.0006154217990115285
0,1.0000000116860974e-07,56449,0.0005870199529454112,
0,,56449,,0.0006153791910037398
0,1.0000000116860974e-07,56499,0.000589527830015868,
0,,56499,,0.0006153571885079145
0,1.0000000116860974e-07,56549,0.0006004071910865605,
0,,56549,,0.000615355558693409
0,1.0000000116860974e-07,56599,0.0005963464500382543,
0,,56599,,0.0006153490976430476
0,1.0000000116860974e-07,56649,0.0005955882370471954,
0,,56649,,0.0006153099238872528
0,1.0000000116860974e-07,56699,0.000613714219070971,
0,,56699,,0.0006153468857519329
0,1.0000000116860974e-07,56749,0.0006290820892900229,
0,,56749,,0.0006153340800665319
0,1.0000000116860974e-07,56799,0.0006052508833818138,
0,,56799,,0.0006153489812277257
0,1.0000000116860974e-07,56849,0.0006125401705503464,
0,,56849,,0.0006153077119961381
0,1.0000000116860974e-07,56899,0.0006041789310984313,
0,,56899,,0.0006152572459541261
0,1.0000000116860974e-07,56949,0.0006116386502981186,
0,,56949,,0.0006152818095870316
0,1.0000000116860974e-07,56999,0.0006007335032336414,
0,,56999,,0.0006152594578452408
0,1.0000000116860974e-07,57049,0.0006000329740345478,
0,,57049,,0.0006152688874863088
0,1.0000000116860974e-07,57099,0.000610123504884541,
0,,57099,,0.0006152841961011291
0,1.0000000116860974e-07,57149,0.0006084105116315186,
0,,57149,,0.0006152783171273768
0,1.0000000116860974e-07,57199,0.0006181836361065507,
0,,57199,,0.0006152340793050826
0,1.0000000116860974e-07,57249,0.0006202769000083208,
0,,57249,,0.0006152127170935273
0,1.0000000116860974e-07,57299,0.0006098356680013239,
0,,57299,,0.0006152541609480977
0,1.0000000116860974e-07,57349,0.0006079072481952608,
0,,57349,,0.0006152251735329628
0,1.0000000116860974e-07,57399,0.0006104395142756402,
0,,57399,,0.0006152325659058988
0,1.0000000116860974e-07,57449,0.0006113233393989503,
0,,57449,,0.000615227036178112
0,1.0000000116860974e-07,57499,0.0006154020084068179,
0,,57499,,0.0006152379210107028
0,1.0000000116860974e-07,57549,0.0005886805593036115,
0,,57549,,0.0006152034620754421
0,1.0000000116860974e-07,57599,0.0005968801560811698,
0,,57599,,0.0006152053829282522
0,1.0000000116860974e-07,57649,0.0006031785742379725,
0,,57649,,0.0006152581772767007
0,1.0000000116860974e-07,57699,0.0006035536644048989,
0,,57699,,0.0006151509587652981
0,1.0000000116860974e-07,57749,0.000601023668423295,
0,,57749,,0.0006151946727186441
0,1.0000000116860974e-07,57799,0.0006066337809897959,
0,,57799,,0.0006151715060696006
0,1.0000000116860974e-07,57849,0.0005976653774268925,
0,,57849,,0.0006151559646241367
0,1.0000000116860974e-07,57899,0.0006012768717482686,
0,,57899,,0.0006151448469609022
0,1.0000000116860974e-07,57949,0.0006181263597682118,
0,,57949,,0.0006151669076643884
0,1.0000000116860974e-07,57999,0.0006186676910147071,
0,,57999,,0.0006151209818199277
0,1.0000000116860974e-07,58049,0.0006118176970630884,
0,,58049,,0.0006151193520054221
0,1.0000000116860974e-07,58099,0.0006155828014016151,
0,,58099,,0.0006150848930701613
0,1.0000000116860974e-07,58149,0.0006091964896768332,
0,,58149,,0.0006151346606202424
0,1.0000000116860974e-07,58199,0.0006061228341422975,
0,,58199,,0.0006150503759272397
0,1.0000000116860974e-07,58249,0.0006202783551998436,
0,,58249,,0.0006150371627882123
0,1.0000000116860974e-07,58299,0.0005948583711870015,
0,,58299,,0.0006150989793241024
0,1.0000000116860974e-07,58349,0.000598493090365082,
0,,58349,,0.0006150865228846669
0,1.0000000116860974e-07,58399,0.000609086302574724,
0,,58399,,0.0006151065463200212
0,1.0000000116860974e-07,58449,0.0006233890308067203,
0,,58449,,0.0006150424596853554
0,1.0000000116860974e-07,58499,0.0006274905172176659,
0,,58499,,0.0006151128909550607
0,1.0000000116860974e-07,58549,0.0005958486581221223,
0,,58549,,0.0006150691187940538
0,1.0000000116860974e-07,58599,0.0005972549552097917,
0,,58599,,0.0006150439148768783
0,1.0000000116860974e-07,58649,0.0006278090295381844,
0,,58649,,0.0006150270928628743
0,1.0000000116860974e-07,58699,0.0006105262436904013,
0,,58699,,0.0006150408298708498
0,1.0000000116860974e-07,58749,0.0006108179222792387,
0,,58749,,0.0006150183617137372
0,1.0000000116860974e-07,58799,0.0006029109936207533,
0,,58799,,0.0006149868713691831
0,1.0000000116860974e-07,58849,0.0006175088929012418,
0,,58849,,0.0006149213877506554
0,1.0000000116860974e-07,58899,0.0005978691624477506,
0,,58899,,0.0006149202818050981
0,1.0000000116860974e-07,58949,0.0006122660124674439,
0,,58949,,0.0006149692926555872
0,1.0000000116860974e-07,58999,0.0006138262688182294,
0,,58999,,0.0006150231929495931
0,1.0000000116860974e-07,59049,0.0006095599383115768,
0,,59049,,0.0006149437977001071
0,1.0000000116860974e-07,59099,0.0006113970302976668,
0,,59099,,0.0006149304681457579
0,1.0000000116860974e-07,59149,0.0006031787488609552,
0,,59149,,0.0006149407709017396
0,1.0000000116860974e-07,59199,0.0006101643666625023,
0,,59199,,0.0006149414693936706
0,1.0000000116860974e-07,59249,0.0005889356834813952,
0,,59249,,0.0006149092805571854
0,1.0000000116860974e-07,59299,0.0006185492384247482,
0,,59299,,0.0006149430992081761
0,1.0000000116860974e-07,59349,0.0005979851121082902,
0,,59349,,0.000614920340012759
0,1.0000000116860974e-07,59399,0.000602586253080517,
0,,59399,,0.0006149094551801682
0,1.0000000116860974e-07,59449,0.0006301198736764491,
0,,59449,,0.0006149258697405457
0,1.0000000116860974e-07,59499,0.0006160542252473533,
0,,59499,,0.0006148539832793176
0,1.0000000116860974e-07,59549,0.0006189409759826958,
0,,59549,,0.0006148334941826761
0,1.0000000116860974e-07,59599,0.0006018733838573098,
0,,59599,,0.000614819407928735
0,1.0000000116860974e-07,59649,0.0006173169822432101,
0,,59649,,0.0006148369866423309
0,1.0000000116860974e-07,59699,0.0005990047939121723,
0,,59699,,0.0006148685934022069
0,1.0000000116860974e-07,59749,0.0006090657552704215,
0,,59749,,0.000614822085481137
0,1.0000000116860974e-07,59799,0.0005970852798782289,
0,,59799,,0.0006147572421468794
0,1.0000000116860974e-07,59849,0.0006129011162556708,
0,,59849,,0.0006148666725493968
0,1.0000000116860974e-07,59899,0.0006040731095708907,
0,,59899,,0.0006148471729829907
0,1.0000000116860974e-07,59949,0.0006189750274643302,
0,,59949,,0.0006148000247776508
0,1.0000000116860974e-07,59999,0.0006091597024351358,
0,,59999,,0.0006148097454570234
