epoch,lr,step,train_loss,val_loss
0,2.4000000848900527e-05,49,23552.44140625,
0,,49,,23486.00390625
0,4.8999998398358e-05,99,17973.64453125,
0,,99,,17839.2265625
0,7.400000322377309e-05,149,10062.51171875,
0,,149,,9915.193359375
0,9.899999713525176e-05,199,5645.2255859375,
0,,199,,5648.14111328125
0,0.00012399999832268804,249,5008.39453125,
0,,249,,4993.8466796875
0,0.00014899999951012433,299,4410.15478515625,
0,,299,,4416.24169921875
0,0.0001740000006975606,349,3707.705810546875,
0,,349,,3726.539306640625
0,0.0001990000018849969,399,3004.330078125,
0,,399,,3017.09765625
0,0.00022400000307243317,449,2568.838623046875,
0,,449,,2591.504150390625
0,0.00024900000425986946,499,2350.539794921875,
0,,499,,2358.268798828125
0,0.0002739999908953905,549,2157.57275390625,
0,,549,,2167.575927734375
0,0.000299000006634742,599,1947.9879150390625,
0,,599,,1949.4744873046875
0,0.0003239999932702631,649,1639.8763427734375,
0,,649,,1638.6507568359375
0,0.0003490000090096146,699,1176.6240234375,
0,,699,,1163.138427734375
0,0.00037399999564513564,749,814.19140625,
0,,749,,814.242919921875
0,0.00039900001138448715,799,662.8290405273438,
0,,799,,667.0977783203125
0,0.0004239999980200082,849,548.9246826171875,
0,,849,,548.0206909179688
0,0.0004490000137593597,899,470.98760986328125,
0,,899,,473.5374755859375
0,0.00047400000039488077,949,425.3573913574219,
0,,949,,426.6194763183594
0,0.0004990000161342323,999,391.79730224609375,
0,,999,,391.8361511230469
0,0.0005239999736659229,1049,366.08837890625,
0,,1049,,364.89031982421875
0,0.0005489999894052744,1099,342.1529846191406,
0,,1099,,341.3597717285156
0,0.0005740000051446259,1149,311.7064514160156,
0,,1149,,313.6707763671875
0,0.0005990000208839774,1199,281.5308532714844,
0,,1199,,282.3850402832031
0,0.000623999978415668,1249,245.20944213867188,
0,,1249,,245.52456665039062
0,0.0006489999941550195,1299,207.72909545898438,
0,,1299,,207.7786102294922
0,0.000674000009894371,1349,169.66188049316406,
0,,1349,,172.04360961914062
0,0.0006990000256337225,1399,137.27001953125,
0,,1399,,136.88241577148438
0,0.0007239999831654131,1449,100.09335327148438,
0,,1449,,102.08161163330078
0,0.0007489999989047647,1499,78.39373779296875,
0,,1499,,81.886962890625
0,0.0007740000146441162,1549,69.66944122314453,
0,,1549,,70.95875549316406
0,0.0007989999721758068,1599,61.69121170043945,
0,,1599,,64.97315979003906
0,0.0008239999879151583,1649,57.21962356567383,
0,,1649,,57.02519226074219
0,0.0008490000036545098,1699,50.897159576416016,
0,,1699,,52.70712661743164
0,0.0008740000193938613,1749,44.847251892089844,
0,,1749,,46.079410552978516
0,0.0008989999769255519,1799,42.195289611816406,
0,,1799,,42.290592193603516
0,0.0009239999926649034,1849,37.79251480102539,
0,,1849,,38.718265533447266
0,0.0009490000084042549,1899,40.47663879394531,
0,,1899,,40.46407699584961
0,0.0009740000241436064,1949,34.01780700683594,
0,,1949,,34.205787658691406
0,0.000999000039882958,1999,35.07542037963867,
0,,1999,,36.95439529418945
0,0.0010000000474974513,2049,29.739540100097656,
0,,2049,,30.454744338989258
0,0.0010000000474974513,2099,34.78385543823242,
0,,2099,,34.021942138671875
0,0.0010000000474974513,2149,37.71835708618164,
0,,2149,,38.446868896484375
0,0.0010000000474974513,2199,25.212448120117188,
0,,2199,,25.479167938232422
0,0.0010000000474974513,2249,24.117053985595703,
0,,2249,,24.378551483154297
0,0.0010000000474974513,2299,28.356895446777344,
0,,2299,,27.923091888427734
0,0.0010000000474974513,2349,22.729019165039062,
0,,2349,,23.090421676635742
0,0.0010000000474974513,2399,23.535884857177734,
0,,2399,,23.61174774169922
0,0.0010000000474974513,2449,22.23136329650879,
0,,2449,,21.717222213745117
0,0.0010000000474974513,2499,24.72930335998535,
0,,2499,,25.184720993041992
0,0.0010000000474974513,2549,20.709606170654297,
0,,2549,,20.630571365356445
0,0.0010000000474974513,2599,30.275217056274414,
0,,2599,,22.70475959777832
0,0.0010000000474974513,2649,20.136615753173828,
0,,2649,,20.080480575561523
0,0.0010000000474974513,2699,19.83538055419922,
0,,2699,,19.909650802612305
0,0.0010000000474974513,2749,22.817584991455078,
0,,2749,,21.53449821472168
0,0.0010000000474974513,2799,36.545169830322266,
0,,2799,,33.914764404296875
0,0.0010000000474974513,2849,18.358312606811523,
0,,2849,,18.601831436157227
0,0.0010000000474974513,2899,20.651470184326172,
0,,2899,,21.236717224121094
0,0.0010000000474974513,2949,18.02393341064453,
0,,2949,,18.191965103149414
0,0.0010000000474974513,2999,18.535001754760742,
0,,2999,,17.94171142578125
0,0.0010000000474974513,3049,17.392879486083984,
0,,3049,,17.02541160583496
0,0.0010000000474974513,3099,17.2817325592041,
0,,3099,,18.18117332458496
0,0.0010000000474974513,3149,16.57052230834961,
0,,3149,,16.483558654785156
0,0.0010000000474974513,3199,16.75265884399414,
0,,3199,,16.706727981567383
0,0.0010000000474974513,3249,17.441341400146484,
0,,3249,,17.197769165039062
0,0.0010000000474974513,3299,17.307416915893555,
0,,3299,,17.18108558654785
0,0.0010000000474974513,3349,16.306339263916016,
0,,3349,,15.256149291992188
0,0.0010000000474974513,3399,15.376492500305176,
0,,3399,,15.033283233642578
0,0.0010000000474974513,3449,18.292953491210938,
0,,3449,,19.655176162719727
0,0.0010000000474974513,3499,15.218356132507324,
0,,3499,,14.974197387695312
0,0.0010000000474974513,3549,14.11742115020752,
0,,3549,,13.861800193786621
0,0.0010000000474974513,3599,15.415499687194824,
0,,3599,,15.619126319885254
0,0.0010000000474974513,3649,15.114171028137207,
0,,3649,,13.902312278747559
0,0.0010000000474974513,3699,13.771828651428223,
0,,3699,,14.509998321533203
0,0.0010000000474974513,3749,12.574546813964844,
0,,3749,,12.39224910736084
0,0.0010000000474974513,3799,23.717893600463867,
0,,3799,,18.52931022644043
0,0.0010000000474974513,3849,11.650200843811035,
0,,3849,,11.607816696166992
0,0.0010000000474974513,3899,12.204534530639648,
0,,3899,,12.081643104553223
0,0.0010000000474974513,3949,11.642024993896484,
0,,3949,,12.012971878051758
0,0.0010000000474974513,3999,11.859516143798828,
0,,3999,,12.024253845214844
0,0.0010000000474974513,4049,9.992635726928711,
0,,4049,,10.414786338806152
0,0.0010000000474974513,4099,11.982095718383789,
0,,4099,,11.562193870544434
0,0.0010000000474974513,4149,8.954895973205566,
0,,4149,,9.10205078125
0,0.0010000000474974513,4199,24.247968673706055,
0,,4199,,19.012969970703125
0,0.0010000000474974513,4249,8.633404731750488,
0,,4249,,8.710330963134766
0,0.0010000000474974513,4299,11.598368644714355,
0,,4299,,11.044649124145508
0,0.0010000000474974513,4349,14.929790496826172,
0,,4349,,14.821948051452637
0,0.0010000000474974513,4399,10.023426055908203,
0,,4399,,9.532917022705078
0,0.0010000000474974513,4449,11.851739883422852,
0,,4449,,9.017450332641602
0,0.0010000000474974513,4499,6.286102771759033,
0,,4499,,6.435861587524414
0,0.0010000000474974513,4549,6.905545711517334,
0,,4549,,7.055538177490234
0,0.0010000000474974513,4599,6.180630207061768,
0,,4599,,6.270142555236816
0,0.0010000000474974513,4649,18.318347930908203,
0,,4649,,19.974458694458008
0,0.0010000000474974513,4699,6.896917819976807,
0,,4699,,7.182791709899902
0,0.0010000000474974513,4749,5.921901702880859,
0,,4749,,5.42948579788208
0,0.0010000000474974513,4799,5.612677097320557,
0,,4799,,5.675511837005615
0,0.0010000000474974513,4849,5.821744918823242,
0,,4849,,5.017965793609619
0,0.0010000000474974513,4899,4.809414386749268,
0,,4899,,5.154411315917969
0,0.0010000000474974513,4949,4.914835453033447,
0,,4949,,4.998409271240234
0,0.0010000000474974513,4999,7.413778781890869,
0,,4999,,8.379419326782227
0,0.0010000000474974513,5049,5.313238143920898,
0,,5049,,5.323991775512695
0,0.0010000000474974513,5099,4.671868324279785,
0,,5099,,4.721560955047607
0,0.0010000000474974513,5149,5.565885066986084,
0,,5149,,6.434959888458252
0,0.0010000000474974513,5199,4.0316877365112305,
0,,5199,,4.182529926300049
0,0.0010000000474974513,5249,6.557582855224609,
0,,5249,,6.106797695159912
0,0.0010000000474974513,5299,6.793731212615967,
0,,5299,,6.983858108520508
0,0.0010000000474974513,5349,10.656959533691406,
0,,5349,,10.194436073303223
0,0.0010000000474974513,5399,7.159675598144531,
0,,5399,,8.825509071350098
0,0.0010000000474974513,5449,3.872205972671509,
0,,5449,,3.9490232467651367
0,0.0010000000474974513,5499,4.143402576446533,
0,,5499,,4.177611351013184
0,0.0010000000474974513,5549,5.716733932495117,
0,,5549,,7.856843948364258
0,0.0010000000474974513,5599,3.4116926193237305,
0,,5599,,3.4438796043395996
0,0.0010000000474974513,5649,3.3995261192321777,
0,,5649,,3.4403293132781982
0,0.0010000000474974513,5699,3.5195348262786865,
0,,5699,,3.63195538520813
0,0.0010000000474974513,5749,4.2241740226745605,
0,,5749,,3.2324976921081543
0,0.0010000000474974513,5799,3.0803840160369873,
0,,5799,,3.124163866043091
0,0.0010000000474974513,5849,3.7819182872772217,
0,,5849,,3.4823946952819824
0,0.0010000000474974513,5899,15.16707992553711,
0,,5899,,16.25440216064453
0,0.0010000000474974513,5949,3.419043779373169,
0,,5949,,3.5715982913970947
0,0.0010000000474974513,5999,8.744585990905762,
0,,5999,,8.226207733154297
0,0.0010000000474974513,6049,10.56182861328125,
0,,6049,,12.03303050994873
0,0.0010000000474974513,6099,3.066429376602173,
0,,6099,,3.0083725452423096
0,0.0010000000474974513,6149,2.8649773597717285,
0,,6149,,2.7861077785491943
0,0.0010000000474974513,6199,3.938640594482422,
0,,6199,,3.8321027755737305
0,0.0010000000474974513,6249,4.738243103027344,
0,,6249,,5.068296909332275
0,0.0010000000474974513,6299,2.573974609375,
0,,6299,,2.7261898517608643
0,0.0010000000474974513,6349,7.5059943199157715,
0,,6349,,5.874790668487549
0,0.0010000000474974513,6399,5.996063232421875,
0,,6399,,4.794647693634033
0,0.0010000000474974513,6449,2.9997127056121826,
0,,6449,,3.5269217491149902
0,0.0010000000474974513,6499,2.7539279460906982,
0,,6499,,2.8781116008758545
0,0.0010000000474974513,6549,3.055004835128784,
0,,6549,,2.7837765216827393
0,0.0010000000474974513,6599,2.4710235595703125,
0,,6599,,2.340153217315674
0,0.0010000000474974513,6649,3.3786044120788574,
0,,6649,,3.6672003269195557
0,0.0010000000474974513,6699,2.6896979808807373,
0,,6699,,2.546452760696411
0,0.0010000000474974513,6749,3.595768451690674,
0,,6749,,2.502913236618042
0,0.0010000000474974513,6799,2.321718454360962,
0,,6799,,2.320343017578125
0,0.0010000000474974513,6849,3.389465093612671,
0,,6849,,3.908559799194336
0,0.0010000000474974513,6899,2.165341854095459,
0,,6899,,2.342115640640259
0,0.0010000000474974513,6949,2.33341646194458,
0,,6949,,2.1487081050872803
0,0.0010000000474974513,6999,2.1163482666015625,
0,,6999,,2.184781551361084
0,0.0010000000474974513,7049,2.9744443893432617,
0,,7049,,2.841010570526123
0,0.0010000000474974513,7099,2.046595811843872,
0,,7099,,2.109518051147461
0,0.0010000000474974513,7149,3.025129556655884,
0,,7149,,3.1385200023651123
0,0.0010000000474974513,7199,2.187067747116089,
0,,7199,,2.1885695457458496
0,0.0010000000474974513,7249,4.1133222579956055,
0,,7249,,3.739567995071411
0,0.0010000000474974513,7299,2.218630313873291,
0,,7299,,2.3347084522247314
0,0.0010000000474974513,7349,1.837458848953247,
0,,7349,,1.9380953311920166
0,0.0010000000474974513,7399,1.8196431398391724,
0,,7399,,1.905529260635376
0,0.0010000000474974513,7449,3.3677544593811035,
0,,7449,,3.5810890197753906
0,0.0010000000474974513,7499,7.0373382568359375,
0,,7499,,7.473507881164551
0,0.0010000000474974513,7549,2.0491225719451904,
0,,7549,,2.1134889125823975
0,0.0010000000474974513,7599,4.8217902183532715,
0,,7599,,6.166320323944092
0,0.0010000000474974513,7649,2.3726966381073,
0,,7649,,2.7400124073028564
0,0.0010000000474974513,7699,1.8753083944320679,
0,,7699,,2.025939464569092
0,0.0010000000474974513,7749,2.537832021713257,
0,,7749,,2.4564990997314453
0,0.0010000000474974513,7799,7.884861946105957,
0,,7799,,9.314845085144043
0,0.0010000000474974513,7849,1.6876686811447144,
0,,7849,,1.730467677116394
0,0.0010000000474974513,7899,1.7868784666061401,
0,,7899,,1.961238145828247
0,0.0010000000474974513,7949,2.155320644378662,
0,,7949,,2.1152117252349854
0,0.0010000000474974513,7999,2.3265328407287598,
0,,7999,,2.6875884532928467
0,0.0010000000474974513,8049,3.589405059814453,
0,,8049,,4.6921868324279785
0,0.0010000000474974513,8099,1.6432294845581055,
0,,8099,,1.61495840549469
0,0.0010000000474974513,8149,4.893146991729736,
0,,8149,,3.956603527069092
0,0.0010000000474974513,8199,1.6277559995651245,
0,,8199,,1.6501260995864868
0,0.0010000000474974513,8249,2.6284408569335938,
0,,8249,,1.821033000946045
0,0.0010000000474974513,8299,1.6994590759277344,
0,,8299,,1.7630778551101685
0,0.0010000000474974513,8349,1.5903409719467163,
0,,8349,,1.5870609283447266
0,0.0010000000474974513,8399,2.7643837928771973,
0,,8399,,2.567105531692505
0,0.0010000000474974513,8449,8.15128231048584,
0,,8449,,5.205691337585449
0,0.0010000000474974513,8499,4.562567710876465,
0,,8499,,4.928957939147949
0,0.0010000000474974513,8549,2.1758222579956055,
0,,8549,,2.145671844482422
0,0.0010000000474974513,8599,1.7090370655059814,
0,,8599,,1.7010186910629272
0,0.0010000000474974513,8649,15.018279075622559,
0,,8649,,10.017558097839355
0,0.0010000000474974513,8699,2.128051519393921,
0,,8699,,2.1335232257843018
0,0.0010000000474974513,8749,1.4475668668746948,
0,,8749,,1.5464595556259155
0,0.0010000000474974513,8799,1.8593467473983765,
0,,8799,,2.1418192386627197
0,0.0010000000474974513,8849,2.0800416469573975,
0,,8849,,2.089489459991455
0,0.0010000000474974513,8899,1.7004773616790771,
0,,8899,,1.6679067611694336
0,0.0010000000474974513,8949,7.923493385314941,
0,,8949,,3.7249035835266113
0,0.0010000000474974513,8999,1.4225200414657593,
0,,8999,,1.4258534908294678
0,0.0010000000474974513,9049,1.5043072700500488,
0,,9049,,1.573740839958191
0,0.0010000000474974513,9099,2.054748058319092,
0,,9099,,1.792513370513916
0,0.0010000000474974513,9149,1.3451486825942993,
0,,9149,,1.3567897081375122
0,0.0010000000474974513,9199,1.3077082633972168,
0,,9199,,1.4392502307891846
0,0.0010000000474974513,9249,1.8446887731552124,
0,,9249,,2.0504863262176514
0,0.0010000000474974513,9299,1.5065702199935913,
0,,9299,,1.5980185270309448
0,0.0010000000474974513,9349,18.19493865966797,
0,,9349,,8.323725700378418
0,0.0010000000474974513,9399,1.5496323108673096,
0,,9399,,1.550279974937439
0,0.0010000000474974513,9449,1.2980343103408813,
0,,9449,,1.3378524780273438
0,0.0010000000474974513,9499,1.5278148651123047,
0,,9499,,1.3168319463729858
0,0.0010000000474974513,9549,1.6842595338821411,
0,,9549,,1.8562368154525757
0,0.0010000000474974513,9599,1.5591143369674683,
0,,9599,,1.5645434856414795
0,0.0010000000474974513,9649,1.7081186771392822,
0,,9649,,1.678451418876648
0,0.0010000000474974513,9699,3.76065731048584,
0,,9699,,4.126479148864746
0,0.0010000000474974513,9749,2.813264846801758,
0,,9749,,2.720407485961914
0,0.0010000000474974513,9799,11.100523948669434,
0,,9799,,9.256719589233398
0,0.0010000000474974513,9849,1.2567055225372314,
0,,9849,,1.3782415390014648
0,0.0010000000474974513,9899,1.2599455118179321,
0,,9899,,1.3969873189926147
0,0.0010000000474974513,9949,1.9644215106964111,
0,,9949,,2.1679837703704834
0,0.0010000000474974513,9999,1.6278626918792725,
0,,9999,,1.760619044303894
0,0.0010000000474974513,10049,1.2013148069381714,
0,,10049,,1.6771538257598877
0,0.0010000000474974513,10099,1.8163985013961792,
0,,10099,,1.8317726850509644
0,0.0010000000474974513,10149,1.1380637884140015,
0,,10149,,1.148843765258789
0,0.0010000000474974513,10199,7.723648548126221,
0,,10199,,6.934340000152588
0,0.0010000000474974513,10249,1.355417251586914,
0,,10249,,1.3467836380004883
0,0.0010000000474974513,10299,2.5490922927856445,
0,,10299,,2.8352458477020264
0,0.0010000000474974513,10349,1.1680433750152588,
0,,10349,,1.1799601316452026
0,0.0010000000474974513,10399,2.347609043121338,
0,,10399,,1.9636259078979492
0,0.0010000000474974513,10449,1.495613694190979,
0,,10449,,1.4226125478744507
0,0.0010000000474974513,10499,4.5029072761535645,
0,,10499,,4.283114433288574
0,0.0010000000474974513,10549,1.0856863260269165,
0,,10549,,1.0968477725982666
0,0.0010000000474974513,10599,3.3058559894561768,
0,,10599,,4.3773112297058105
0,0.0010000000474974513,10649,1.1838467121124268,
0,,10649,,1.2325767278671265
0,0.0010000000474974513,10699,1.0605239868164062,
0,,10699,,1.0800694227218628
0,0.0010000000474974513,10749,1.5539252758026123,
0,,10749,,1.8287056684494019
0,0.0010000000474974513,10799,5.456719398498535,
0,,10799,,6.871835231781006
0,0.0010000000474974513,10849,4.336071491241455,
0,,10849,,5.1300554275512695
0,0.0010000000474974513,10899,1.0746928453445435,
0,,10899,,1.0640482902526855
0,0.0010000000474974513,10949,5.622993469238281,
0,,10949,,8.338958740234375
0,0.0010000000474974513,10999,0.9391591548919678,
0,,10999,,0.9601138830184937
0,0.0010000000474974513,11049,0.991004228591919,
0,,11049,,1.029313325881958
0,0.0010000000474974513,11099,1.1456431150436401,
0,,11099,,1.0466755628585815
0,0.0010000000474974513,11149,1.8601385354995728,
0,,11149,,1.7315553426742554
0,0.0010000000474974513,11199,1.6146955490112305,
0,,11199,,1.7529447078704834
0,0.0010000000474974513,11249,2.9631030559539795,
0,,11249,,3.1849234104156494
0,0.0010000000474974513,11299,0.9880863428115845,
0,,11299,,1.0352104902267456
0,0.0010000000474974513,11349,1.216843843460083,
0,,11349,,0.9763643741607666
0,0.0010000000474974513,11399,1.1611649990081787,
0,,11399,,1.271454095840454
0,0.0010000000474974513,11449,0.8219856023788452,
0,,11449,,0.8499207496643066
0,0.0010000000474974513,11499,7.201995849609375,
0,,11499,,7.688004016876221
0,0.0010000000474974513,11549,1.5025053024291992,
0,,11549,,1.5018961429595947
0,0.0010000000474974513,11599,5.187754154205322,
0,,11599,,2.9989075660705566
0,0.0010000000474974513,11649,0.9098386764526367,
0,,11649,,0.9588013291358948
0,0.0010000000474974513,11699,0.7604382634162903,
0,,11699,,0.7834568619728088
0,0.0010000000474974513,11749,1.159773349761963,
0,,11749,,1.2902319431304932
0,0.0010000000474974513,11799,7.229744911193848,
0,,11799,,7.329145431518555
0,0.0010000000474974513,11849,0.8820573091506958,
0,,11849,,0.8903637528419495
0,0.0010000000474974513,11899,0.766662061214447,
0,,11899,,0.7959606647491455
0,0.0010000000474974513,11949,7.531034469604492,
0,,11949,,5.786211013793945
0,0.0010000000474974513,11999,2.601581573486328,
0,,11999,,2.7832343578338623
0,0.0010000000474974513,12049,0.798637330532074,
0,,12049,,0.8551518321037292
0,0.0010000000474974513,12099,0.7328751683235168,
0,,12099,,0.8500230312347412
0,0.0010000000474974513,12149,0.9516803026199341,
0,,12149,,0.8184375166893005
0,0.0010000000474974513,12199,1.6462522745132446,
0,,12199,,1.816321849822998
0,0.0010000000474974513,12249,0.9120200276374817,
0,,12249,,0.8818106055259705
0,0.0010000000474974513,12299,2.4990851879119873,
0,,12299,,2.3659589290618896
0,0.0010000000474974513,12349,0.7360309958457947,
0,,12349,,0.730798065662384
0,0.0010000000474974513,12399,1.825027346611023,
0,,12399,,1.1581566333770752
0,0.0010000000474974513,12449,1.1557296514511108,
0,,12449,,1.2314081192016602
0,0.0010000000474974513,12499,0.9945551753044128,
0,,12499,,0.9775936007499695
0,0.0010000000474974513,12549,0.7036760449409485,
0,,12549,,0.8157394528388977
0,0.0010000000474974513,12599,1.6942042112350464,
0,,12599,,1.7135659456253052
0,0.0010000000474974513,12649,1.1011236906051636,
0,,12649,,1.216911792755127
0,0.0010000000474974513,12699,1.2179601192474365,
0,,12699,,1.3432048559188843
0,0.0010000000474974513,12749,0.7289138436317444,
0,,12749,,0.7800323963165283
0,0.0010000000474974513,12799,1.6730799674987793,
0,,12799,,2.1857664585113525
0,0.0010000000474974513,12849,0.6257110238075256,
0,,12849,,0.6206496357917786
0,0.0010000000474974513,12899,0.5913670063018799,
0,,12899,,0.5775085091590881
0,0.0010000000474974513,12949,8.421339988708496,
0,,12949,,8.728507041931152
0,0.0010000000474974513,12999,0.7920058369636536,
0,,12999,,0.8385443091392517
0,0.0010000000474974513,13049,0.9392660856246948,
0,,13049,,0.9044845104217529
0,0.0010000000474974513,13099,1.4525521993637085,
0,,13099,,1.0847735404968262
0,0.0010000000474974513,13149,1.6192824840545654,
0,,13149,,1.4271724224090576
0,0.0010000000474974513,13199,4.884626388549805,
0,,13199,,5.134818077087402
0,0.0010000000474974513,13249,1.0843249559402466,
0,,13249,,1.1849620342254639
0,0.0010000000474974513,13299,0.6095374822616577,
0,,13299,,0.6754443049430847
0,0.0010000000474974513,13349,2.5724635124206543,
0,,13349,,1.4137874841690063
0,0.0010000000474974513,13399,2.2889089584350586,
0,,13399,,2.6260221004486084
0,0.0010000000474974513,13449,0.6656985282897949,
0,,13449,,0.7166005373001099
0,0.0010000000474974513,13499,0.5363797545433044,
0,,13499,,0.4896639585494995
0,0.0010000000474974513,13549,1.1421345472335815,
0,,13549,,1.278775691986084
0,0.0010000000474974513,13599,4.437812805175781,
0,,13599,,4.0146613121032715
0,0.0010000000474974513,13649,0.46549278497695923,
0,,13649,,0.4748583436012268
0,0.0010000000474974513,13699,6.5841851234436035,
0,,13699,,10.402862548828125
0,0.0010000000474974513,13749,0.46365460753440857,
0,,13749,,0.47794216871261597
0,0.0010000000474974513,13799,0.44356095790863037,
0,,13799,,0.45232847332954407
0,0.0010000000474974513,13849,0.6362130641937256,
0,,13849,,0.7354270219802856
0,0.0010000000474974513,13899,0.5381013751029968,
0,,13899,,0.4923454821109772
0,0.0010000000474974513,13949,5.723596096038818,
0,,13949,,6.477939128875732
0,0.0010000000474974513,13999,0.6471571326255798,
0,,13999,,0.651967465877533
0,0.0010000000474974513,14049,6.808238506317139,
0,,14049,,6.79108190536499
0,0.0010000000474974513,14099,0.43752580881118774,
0,,14099,,0.43286749720573425
0,0.0010000000474974513,14149,1.2263833284378052,
0,,14149,,0.7174995541572571
0,0.0010000000474974513,14199,6.328207015991211,
0,,14199,,5.618125915527344
0,0.0010000000474974513,14249,0.4091568887233734,
0,,14249,,0.4153827428817749
0,0.0010000000474974513,14299,1.0290004014968872,
0,,14299,,1.0921685695648193
0,0.0010000000474974513,14349,0.42838427424430847,
0,,14349,,0.46006470918655396
0,0.0010000000474974513,14399,0.8055968880653381,
0,,14399,,0.5890635848045349
0,0.0010000000474974513,14449,1.0504186153411865,
0,,14449,,0.932112991809845
0,0.0010000000474974513,14499,0.3900487422943115,
0,,14499,,0.39234209060668945
0,0.0010000000474974513,14549,3.9566526412963867,
0,,14549,,2.5260963439941406
0,0.0010000000474974513,14599,0.4075291156768799,
0,,14599,,0.3937431573867798
0,0.0010000000474974513,14649,1.1390401124954224,
0,,14649,,0.9844248294830322
0,0.0010000000474974513,14699,6.811988830566406,
0,,14699,,5.780820846557617
0,0.0010000000474974513,14749,0.36693912744522095,
0,,14749,,0.38165321946144104
0,0.0010000000474974513,14799,0.5995162725448608,
0,,14799,,0.6323884725570679
0,0.0010000000474974513,14849,0.5356770753860474,
0,,14849,,0.49298280477523804
0,0.0010000000474974513,14899,1.3026586771011353,
0,,14899,,1.5278832912445068
0,0.0010000000474974513,14949,1.1006975173950195,
0,,14949,,1.1010767221450806
0,0.0010000000474974513,14999,0.7984935641288757,
0,,14999,,0.9478644132614136
0,0.0010000000474974513,15049,0.933281660079956,
0,,15049,,0.8231943249702454
0,0.0010000000474974513,15099,0.9361564517021179,
0,,15099,,1.0957752466201782
0,0.0010000000474974513,15149,0.6271241307258606,
0,,15149,,0.5850334763526917
0,0.0010000000474974513,15199,0.3423270285129547,
0,,15199,,0.8863236904144287
0,0.0010000000474974513,15249,0.37470170855522156,
0,,15249,,0.3641555905342102
0,0.0010000000474974513,15299,2.178816795349121,
0,,15299,,1.5775824785232544
0,0.0010000000474974513,15349,0.3330077528953552,
0,,15349,,0.3605698347091675
0,0.0010000000474974513,15399,0.327030748128891,
0,,15399,,0.35420700907707214
0,0.0010000000474974513,15449,0.3039957582950592,
0,,15449,,0.3056836426258087
0,0.0010000000474974513,15499,0.7463656067848206,
0,,15499,,0.36874353885650635
0,0.0010000000474974513,15549,0.3089965879917145,
0,,15549,,0.3134711682796478
0,0.0010000000474974513,15599,1.011879801750183,
0,,15599,,0.7015708684921265
0,0.0010000000474974513,15649,0.27564334869384766,
0,,15649,,0.2865728437900543
0,0.0010000000474974513,15699,0.3959154188632965,
0,,15699,,0.4360615015029907
0,0.0010000000474974513,15749,0.5147669315338135,
0,,15749,,0.5761167407035828
0,0.0010000000474974513,15799,0.29700666666030884,
0,,15799,,0.4527900218963623
0,0.0010000000474974513,15849,1.3705265522003174,
0,,15849,,1.5326563119888306
0,0.0010000000474974513,15899,0.5630773305892944,
0,,15899,,0.5043500065803528
0,0.0010000000474974513,15949,15.699503898620605,
0,,15949,,14.700490951538086
0,0.0010000000474974513,15999,0.3300904333591461,
0,,15999,,0.29525986313819885
0,0.0010000000474974513,16049,0.2561972737312317,
0,,16049,,0.2611083686351776
0,0.0010000000474974513,16099,2.2027008533477783,
0,,16099,,1.642411470413208
0,0.0010000000474974513,16149,0.35330289602279663,
0,,16149,,0.3482823371887207
0,0.0010000000474974513,16199,1.7061368227005005,
0,,16199,,1.1715017557144165
0,0.0010000000474974513,16249,1.0361406803131104,
0,,16249,,1.1688659191131592
0,0.0010000000474974513,16299,0.2740797996520996,
0,,16299,,0.27525123953819275
0,0.0010000000474974513,16349,0.3765530586242676,
0,,16349,,0.6870206594467163
0,0.0010000000474974513,16399,1.1454986333847046,
0,,16399,,0.3731904625892639
0,0.0010000000474974513,16449,0.2765180468559265,
0,,16449,,0.2706262171268463
0,0.0010000000474974513,16499,1.268040418624878,
0,,16499,,0.7389753460884094
0,0.0010000000474974513,16549,0.2482677400112152,
0,,16549,,0.2416306436061859
0,0.0010000000474974513,16599,0.49056071043014526,
0,,16599,,0.5465602874755859
0,0.0010000000474974513,16649,2.9401137828826904,
0,,16649,,1.3183523416519165
0,0.0010000000474974513,16699,0.9924052357673645,
0,,16699,,0.5145795941352844
0,0.0010000000474974513,16749,0.25793400406837463,
0,,16749,,0.2599482536315918
0,0.0010000000474974513,16799,3.7673699855804443,
0,,16799,,1.1001826524734497
0,0.0010000000474974513,16849,0.2274339199066162,
0,,16849,,0.2349836528301239
0,0.0010000000474974513,16899,0.6453052759170532,
0,,16899,,0.41319653391838074
0,0.0010000000474974513,16949,0.24277964234352112,
0,,16949,,0.25270724296569824
0,0.0010000000474974513,16999,1.1239312887191772,
0,,16999,,1.0916028022766113
0,0.0010000000474974513,17049,0.2312428206205368,
0,,17049,,0.23232531547546387
0,0.0010000000474974513,17099,1.1776587963104248,
0,,17099,,1.0111467838287354
0,0.0010000000474974513,17149,0.2858710289001465,
0,,17149,,0.29304859042167664
0,0.0010000000474974513,17199,0.22783946990966797,
0,,17199,,0.29403287172317505
0,0.0010000000474974513,17249,0.25797781348228455,
0,,17249,,0.2516469955444336
0,0.0010000000474974513,17299,6.105589866638184,
0,,17299,,3.9220926761627197
0,0.0010000000474974513,17349,1.4671926498413086,
0,,17349,,1.6436361074447632
0,0.0010000000474974513,17399,0.3023761808872223,
0,,17399,,0.3303047716617584
0,0.0010000000474974513,17449,1.114240050315857,
0,,17449,,1.0028228759765625
0,0.0010000000474974513,17499,0.21967162191867828,
0,,17499,,0.22374999523162842
0,0.0010000000474974513,17549,0.25242045521736145,
0,,17549,,0.3657359480857849
0,0.0010000000474974513,17599,0.22082418203353882,
0,,17599,,0.21972881257534027
0,0.0010000000474974513,17649,0.9120596051216125,
0,,17649,,0.9096155166625977
0,0.0010000000474974513,17699,0.2035730630159378,
0,,17699,,0.20778709650039673
0,0.0010000000474974513,17749,1.5822266340255737,
0,,17749,,1.8471933603286743
0,0.0010000000474974513,17799,0.6909930109977722,
0,,17799,,0.8523130416870117
0,0.0010000000474974513,17849,0.2444431185722351,
0,,17849,,0.2539798319339752
0,0.0010000000474974513,17899,8.086872100830078,
0,,17899,,6.609845161437988
0,0.0010000000474974513,17949,0.5705282688140869,
0,,17949,,0.7262082695960999
0,0.0010000000474974513,17999,0.28179383277893066,
0,,17999,,0.28183215856552124
0,0.0010000000474974513,18049,0.6073628067970276,
0,,18049,,0.4693886935710907
0,0.0010000000474974513,18099,0.5682507157325745,
0,,18099,,0.6167896389961243
0,0.0010000000474974513,18149,0.6756958365440369,
0,,18149,,0.6179291605949402
0,0.0010000000474974513,18199,7.188004970550537,
0,,18199,,4.463649749755859
0,0.0010000000474974513,18249,1.2062814235687256,
0,,18249,,1.1382811069488525
0,0.0010000000474974513,18299,0.2139732837677002,
0,,18299,,0.2213803231716156
0,0.0010000000474974513,18349,1.8597136735916138,
0,,18349,,1.992248296737671
0,0.0010000000474974513,18399,0.338827908039093,
0,,18399,,0.3814115822315216
0,0.0010000000474974513,18449,0.44166216254234314,
0,,18449,,0.4542824327945709
0,0.0010000000474974513,18499,6.699446201324463,
0,,18499,,4.241464614868164
0,0.0010000000474974513,18549,0.19280436635017395,
0,,18549,,0.1812138706445694
0,0.0010000000474974513,18599,0.7386149764060974,
0,,18599,,0.6366140246391296
0,0.0010000000474974513,18649,0.19685041904449463,
0,,18649,,0.19186824560165405
0,0.0010000000474974513,18699,0.7124006748199463,
0,,18699,,0.43009722232818604
0,0.0010000000474974513,18749,2.146841526031494,
0,,18749,,1.2887133359909058
0,0.0010000000474974513,18799,0.33177435398101807,
0,,18799,,0.3898036777973175
0,0.0010000000474974513,18849,0.21590393781661987,
0,,18849,,0.2635260820388794
0,0.0010000000474974513,18899,0.6005362272262573,
0,,18899,,0.41513994336128235
0,0.0010000000474974513,18949,4.778082847595215,
0,,18949,,5.369985580444336
0,0.0010000000474974513,18999,0.43985238671302795,
0,,18999,,0.4911683201789856
0,0.0010000000474974513,19049,0.2633378803730011,
0,,19049,,0.248345747590065
0,0.0010000000474974513,19099,4.430095195770264,
0,,19099,,5.792697906494141
0,0.0010000000474974513,19149,0.23626361787319183,
0,,19149,,0.23697161674499512
0,0.0010000000474974513,19199,0.9264277815818787,
0,,19199,,1.1191391944885254
0,0.0010000000474974513,19249,0.16956886649131775,
0,,19249,,0.16990703344345093
0,0.0010000000474974513,19299,4.079212188720703,
0,,19299,,6.311452865600586
0,0.0010000000474974513,19349,9.662514686584473,
0,,19349,,10.352519035339355
0,0.0010000000474974513,19399,0.17180363833904266,
0,,19399,,0.16841043531894684
0,0.0010000000474974513,19449,0.16243793070316315,
0,,19449,,0.1656712293624878
0,0.0010000000474974513,19499,0.5458628535270691,
0,,19499,,0.7050223350524902
0,0.0010000000474974513,19549,0.19299770891666412,
0,,19549,,0.17089049518108368
0,0.0010000000474974513,19599,0.16540169715881348,
0,,19599,,0.16759110987186432
0,0.0010000000474974513,19649,2.2480785846710205,
0,,19649,,2.1833908557891846
0,0.0010000000474974513,19699,0.2808290123939514,
0,,19699,,0.321628600358963
0,0.0010000000474974513,19749,0.2524815499782562,
0,,19749,,0.18612144887447357
0,0.0010000000474974513,19799,0.46839332580566406,
0,,19799,,0.7685495018959045
0,0.0010000000474974513,19849,0.2701311409473419,
0,,19849,,0.2995283603668213
0,0.0010000000474974513,19899,0.354345440864563,
0,,19899,,0.2843399941921234
0,0.0010000000474974513,19949,0.5642524361610413,
0,,19949,,0.4636880159378052
0,0.0010000000474974513,19999,1.497606635093689,
0,,19999,,0.8220331072807312
0,0.0010000000474974513,20049,0.2063188999891281,
0,,20049,,0.22252587974071503
0,0.0010000000474974513,20099,0.21861450374126434,
0,,20099,,0.3132492005825043
0,0.0010000000474974513,20149,8.515235900878906,
0,,20149,,11.537833213806152
0,0.0010000000474974513,20199,0.16341625154018402,
0,,20199,,0.1809416115283966
0,0.0010000000474974513,20249,0.16368065774440765,
0,,20249,,0.1647707223892212
0,0.0010000000474974513,20299,0.4384908676147461,
0,,20299,,0.42532971501350403
0,0.0010000000474974513,20349,0.18624277412891388,
0,,20349,,0.20113535225391388
0,0.0010000000474974513,20399,0.4991830885410309,
0,,20399,,0.34937676787376404
0,0.0010000000474974513,20449,0.4261854290962219,
0,,20449,,0.3038262724876404
0,0.0010000000474974513,20499,2.2194879055023193,
0,,20499,,2.905799627304077
0,0.0010000000474974513,20549,0.2193032205104828,
0,,20549,,0.23352065682411194
0,0.0010000000474974513,20599,0.3515881299972534,
0,,20599,,0.29946058988571167
0,0.0010000000474974513,20649,1.2117140293121338,
0,,20649,,0.9380950927734375
0,0.0010000000474974513,20699,0.6677219271659851,
0,,20699,,0.6050110459327698
0,0.0010000000474974513,20749,2.2650671005249023,
0,,20749,,2.68963623046875
0,0.0010000000474974513,20799,0.23119063675403595,
0,,20799,,0.19534176588058472
0,0.0010000000474974513,20849,2.5311689376831055,
0,,20849,,3.479318618774414
0,0.0010000000474974513,20899,0.18187439441680908,
0,,20899,,0.1841735541820526
0,0.0010000000474974513,20949,0.6923865079879761,
0,,20949,,0.5261259078979492
0,0.0010000000474974513,20999,0.18224330246448517,
0,,20999,,0.1876647174358368
0,0.0010000000474974513,21049,0.3444143235683441,
0,,21049,,0.318706214427948
0,0.0010000000474974513,21099,0.2709590494632721,
0,,21099,,0.2562011480331421
0,0.0010000000474974513,21149,3.3524534702301025,
0,,21149,,2.104505777359009
0,0.0010000000474974513,21199,1.143288254737854,
0,,21199,,1.5153074264526367
0,0.0010000000474974513,21249,0.16706879436969757,
0,,21249,,0.15770722925662994
0,0.0010000000474974513,21299,0.1644926518201828,
0,,21299,,0.17417792975902557
0,0.0010000000474974513,21349,0.1439642608165741,
0,,21349,,0.21164052188396454
0,0.0010000000474974513,21399,0.9858995079994202,
0,,21399,,1.1813654899597168
0,0.0010000000474974513,21449,0.19174784421920776,
0,,21449,,0.19046953320503235
0,0.0010000000474974513,21499,0.8972175121307373,
0,,21499,,1.1211464405059814
0,0.0010000000474974513,21549,0.1425403356552124,
0,,21549,,0.14110933244228363
0,0.0010000000474974513,21599,0.7227699160575867,
0,,21599,,0.9470593929290771
0,0.0010000000474974513,21649,1.1872714757919312,
0,,21649,,1.4193812608718872
0,0.0010000000474974513,21699,0.15353389084339142,
0,,21699,,0.17771735787391663
0,0.0010000000474974513,21749,0.3162117898464203,
0,,21749,,0.6845025420188904
0,0.0010000000474974513,21799,0.3791237473487854,
0,,21799,,0.4994352161884308
0,0.0010000000474974513,21849,0.18459954857826233,
0,,21849,,0.15783889591693878
0,0.0010000000474974513,21899,1.3084383010864258,
0,,21899,,3.1507465839385986
0,0.0010000000474974513,21949,0.14848048985004425,
0,,21949,,0.13732734322547913
0,0.0010000000474974513,21999,0.23707698285579681,
0,,21999,,0.16310858726501465
0,0.0010000000474974513,22049,0.3894362151622772,
0,,22049,,0.44136446714401245
0,0.0010000000474974513,22099,0.16796346008777618,
0,,22099,,0.1541503369808197
0,0.0010000000474974513,22149,5.166255474090576,
0,,22149,,5.475061416625977
0,0.0010000000474974513,22199,0.5616252422332764,
0,,22199,,0.6191919445991516
0,0.0010000000474974513,22249,0.24001404643058777,
0,,22249,,0.23773831129074097
0,0.0010000000474974513,22299,3.192592144012451,
0,,22299,,2.712667465209961
0,0.0010000000474974513,22349,0.16730357706546783,
0,,22349,,0.16881223022937775
0,0.0010000000474974513,22399,0.4147731363773346,
0,,22399,,0.23538583517074585
0,0.0010000000474974513,22449,0.581978440284729,
0,,22449,,0.7609165906906128
0,0.0010000000474974513,22499,0.6935577392578125,
0,,22499,,0.8797855377197266
0,0.0010000000474974513,22549,0.33031097054481506,
0,,22549,,0.3644382655620575
0,0.0010000000474974513,22599,0.24807220697402954,
0,,22599,,0.25122711062431335
0,0.0010000000474974513,22649,0.571817934513092,
0,,22649,,0.5364336371421814
0,0.0010000000474974513,22699,0.17498460412025452,
0,,22699,,0.1888248473405838
0,0.0010000000474974513,22749,0.3394569456577301,
0,,22749,,0.3990996778011322
0,0.0010000000474974513,22799,0.19288794696331024,
0,,22799,,0.3532029390335083
0,0.0010000000474974513,22849,0.15643398463726044,
0,,22849,,0.1556616574525833
0,0.0010000000474974513,22899,0.20977938175201416,
0,,22899,,0.3381999731063843
0,0.0010000000474974513,22949,0.27470484375953674,
0,,22949,,0.32409781217575073
0,0.0010000000474974513,22999,0.15426801145076752,
0,,22999,,0.1572074443101883
0,0.0010000000474974513,23049,0.19330233335494995,
0,,23049,,0.5826963782310486
0,0.0010000000474974513,23099,0.13598282635211945,
0,,23099,,0.13300633430480957
0,0.0010000000474974513,23149,1.466909408569336,
0,,23149,,2.0838263034820557
0,0.0010000000474974513,23199,0.23064355552196503,
0,,23199,,0.23963069915771484
0,0.0010000000474974513,23249,0.9838418364524841,
0,,23249,,1.270291805267334
0,0.0010000000474974513,23299,0.18986614048480988,
0,,23299,,0.19257472455501556
0,0.0010000000474974513,23349,0.2211296260356903,
0,,23349,,0.31051546335220337
0,0.0010000000474974513,23399,3.811664581298828,
0,,23399,,5.421576023101807
0,0.0010000000474974513,23449,0.22353491187095642,
0,,23449,,0.18597136437892914
0,0.0010000000474974513,23499,2.248589277267456,
0,,23499,,2.4140844345092773
0,0.0010000000474974513,23549,0.12448287755250931,
0,,23549,,0.12695950269699097
0,0.0010000000474974513,23599,1.0199902057647705,
0,,23599,,1.5951634645462036
0,0.0010000000474974513,23649,1.730703353881836,
0,,23649,,0.9478903412818909
0,0.0010000000474974513,23699,0.13955830037593842,
0,,23699,,0.13864102959632874
0,0.0010000000474974513,23749,4.325952053070068,
0,,23749,,3.9042646884918213
0,0.0010000000474974513,23799,0.8068118095397949,
0,,23799,,0.5813823342323303
0,0.0010000000474974513,23849,0.16591671109199524,
0,,23849,,0.17280055582523346
0,0.0010000000474974513,23899,0.26925042271614075,
0,,23899,,0.2068749964237213
0,0.0010000000474974513,23949,0.3995622396469116,
0,,23949,,0.5574320554733276
0,0.0010000000474974513,23999,0.40597641468048096,
0,,23999,,0.5005494952201843
0,0.0010000000474974513,24049,3.397101879119873,
0,,24049,,4.077610015869141
0,0.0010000000474974513,24099,0.9425675868988037,
0,,24099,,1.0229213237762451
0,0.0010000000474974513,24149,1.0222582817077637,
0,,24149,,0.9958282709121704
0,0.0010000000474974513,24199,1.8578969240188599,
0,,24199,,2.4672391414642334
0,0.0010000000474974513,24249,0.19390033185482025,
0,,24249,,0.14483880996704102
0,0.0010000000474974513,24299,0.15727245807647705,
0,,24299,,0.1731378436088562
0,0.0010000000474974513,24349,0.19608378410339355,
0,,24349,,0.22975946962833405
0,0.0010000000474974513,24399,0.5400391817092896,
0,,24399,,0.15754902362823486
0,0.0010000000474974513,24449,0.12666434049606323,
0,,24449,,0.12846232950687408
0,0.0010000000474974513,24499,2.077651262283325,
0,,24499,,2.1611897945404053
0,0.0010000000474974513,24549,0.5562137365341187,
0,,24549,,0.5048703551292419
0,0.0010000000474974513,24599,0.3006415367126465,
0,,24599,,0.28485870361328125
0,0.0010000000474974513,24649,2.7190935611724854,
0,,24649,,2.628502368927002
0,0.0010000000474974513,24699,1.0324171781539917,
0,,24699,,1.2316194772720337
0,0.0010000000474974513,24749,0.1347736418247223,
0,,24749,,0.13967211544513702
0,0.0010000000474974513,24799,1.1261615753173828,
0,,24799,,1.2562555074691772
0,0.0010000000474974513,24849,0.20096106827259064,
0,,24849,,0.19212108850479126
0,0.0010000000474974513,24899,0.1323905885219574,
0,,24899,,0.14573073387145996
0,0.0010000000474974513,24949,0.7814550399780273,
0,,24949,,0.8547563552856445
0,0.0010000000474974513,24999,0.24294297397136688,
0,,24999,,0.25415554642677307
0,0.0010000000474974513,25049,2.2205584049224854,
0,,25049,,2.124600648880005
0,0.0010000000474974513,25099,0.14500777423381805,
0,,25099,,0.1549864560365677
0,0.0010000000474974513,25149,0.6208119988441467,
0,,25149,,0.45339319109916687
0,0.0010000000474974513,25199,2.608635902404785,
0,,25199,,2.847724676132202
0,0.0010000000474974513,25249,0.12840890884399414,
0,,25249,,0.12940718233585358
0,0.0010000000474974513,25299,0.49086710810661316,
0,,25299,,1.0507655143737793
0,0.0010000000474974513,25349,0.15548592805862427,
0,,25349,,0.1720319390296936
0,0.0010000000474974513,25399,0.15301768481731415,
0,,25399,,0.17457640171051025
0,0.0010000000474974513,25449,0.10489683598279953,
0,,25449,,0.10459817200899124
0,0.0010000000474974513,25499,1.8139228820800781,
0,,25499,,1.5302811861038208
0,0.0010000000474974513,25549,0.10635200142860413,
0,,25549,,0.10969103127717972
0,0.0010000000474974513,25599,2.7762837409973145,
0,,25599,,3.6224217414855957
0,0.0010000000474974513,25649,0.11187171190977097,
0,,25649,,0.1044834703207016
0,0.0010000000474974513,25699,0.7919918298721313,
0,,25699,,1.0472111701965332
0,0.0010000000474974513,25749,0.17410627007484436,
0,,25749,,0.17903926968574524
0,0.0010000000474974513,25799,0.4154714047908783,
0,,25799,,0.5068175792694092
0,0.0010000000474974513,25849,1.256450891494751,
0,,25849,,1.5736050605773926
0,0.0010000000474974513,25899,0.12397706508636475,
0,,25899,,0.11821871250867844
0,0.0010000000474974513,25949,4.201224327087402,
0,,25949,,2.227323055267334
0,0.0010000000474974513,25999,0.8152400255203247,
0,,25999,,0.9920015335083008
0,0.0010000000474974513,26049,0.11331581324338913,
0,,26049,,0.10440583527088165
0,0.0010000000474974513,26099,1.140730857849121,
0,,26099,,0.3683667778968811
0,0.0010000000474974513,26149,0.18248200416564941,
0,,26149,,0.19547836482524872
0,0.0010000000474974513,26199,0.15853990614414215,
0,,26199,,0.13868780434131622
0,0.0010000000474974513,26249,1.8612312078475952,
0,,26249,,1.9804167747497559
0,0.0010000000474974513,26299,0.10915159434080124,
0,,26299,,0.10627058893442154
0,0.0010000000474974513,26349,0.6083799600601196,
0,,26349,,0.4047304689884186
0,0.0010000000474974513,26399,0.1839427798986435,
0,,26399,,0.19282256066799164
0,0.0010000000474974513,26449,0.19507268071174622,
0,,26449,,0.20744124054908752
0,0.0010000000474974513,26499,0.11160534620285034,
0,,26499,,0.11052902042865753
0,0.0010000000474974513,26549,0.5246840119361877,
0,,26549,,0.34804990887641907
0,0.0010000000474974513,26599,0.1259753406047821,
0,,26599,,0.1374911665916443
0,0.0010000000474974513,26649,0.35467708110809326,
0,,26649,,0.28242143988609314
0,0.0010000000474974513,26699,0.0968615785241127,
0,,26699,,0.098425954580307
0,0.0010000000474974513,26749,1.0538548231124878,
0,,26749,,1.5272955894470215
0,0.0010000000474974513,26799,3.845810651779175,
0,,26799,,3.237239122390747
0,0.0010000000474974513,26849,0.09855268150568008,
0,,26849,,0.10313425958156586
0,0.0010000000474974513,26899,1.1392498016357422,
0,,26899,,1.5315479040145874
0,0.0010000000474974513,26949,0.11489664018154144,
0,,26949,,0.10651063174009323
0,0.0010000000474974513,26999,2.2622387409210205,
0,,26999,,2.2469327449798584
0,0.0010000000474974513,27049,0.10728435218334198,
0,,27049,,0.11424367874860764
0,0.0010000000474974513,27099,0.4556153416633606,
0,,27099,,0.7577912211418152
0,0.0010000000474974513,27149,0.26387476921081543,
0,,27149,,0.25055259466171265
0,0.0010000000474974513,27199,0.1453910768032074,
0,,27199,,0.1427687555551529
0,0.0010000000474974513,27249,2.778918743133545,
0,,27249,,2.6256837844848633
0,0.0010000000474974513,27299,0.17825885117053986,
0,,27299,,0.21737264096736908
0,0.0010000000474974513,27349,0.20673902332782745,
0,,27349,,0.200072780251503
0,0.0010000000474974513,27399,0.20889858901500702,
0,,27399,,0.2348218411207199
0,0.0010000000474974513,27449,1.785395860671997,
0,,27449,,1.6694306135177612
0,0.0010000000474974513,27499,0.2363794595003128,
0,,27499,,0.2738081216812134
0,0.0010000000474974513,27549,0.38150742650032043,
0,,27549,,0.35475611686706543
0,0.0010000000474974513,27599,4.760901927947998,
0,,27599,,3.2923433780670166
0,0.0010000000474974513,27649,1.074881672859192,
0,,27649,,1.3488454818725586
0,0.0010000000474974513,27699,0.09624290466308594,
0,,27699,,0.09665191918611526
0,0.0010000000474974513,27749,0.6367505192756653,
0,,27749,,0.12936373054981232
0,0.0010000000474974513,27799,0.4706103801727295,
0,,27799,,0.7574440240859985
0,0.0010000000474974513,27849,0.1586528867483139,
0,,27849,,0.17240497469902039
0,0.0010000000474974513,27899,0.24665114283561707,
0,,27899,,0.2066631019115448
0,0.0010000000474974513,27949,0.1662239283323288,
0,,27949,,0.09882404655218124
0,0.0010000000474974513,27999,0.17135629057884216,
0,,27999,,0.20662645995616913
0,0.0010000000474974513,28049,3.0389585494995117,
0,,28049,,2.9533352851867676
0,0.0010000000474974513,28099,3.112419366836548,
0,,28099,,3.5040180683135986
0,0.0010000000474974513,28149,0.2038574367761612,
0,,28149,,0.22480547428131104
0,0.0010000000474974513,28199,0.33313438296318054,
0,,28199,,0.33242708444595337
0,0.0010000000474974513,28249,0.11503004282712936,
0,,28249,,0.1312984973192215
0,0.0010000000474974513,28299,0.613253116607666,
0,,28299,,0.4273694157600403
0,0.0010000000474974513,28349,0.13632157444953918,
0,,28349,,0.14789289236068726
0,0.0010000000474974513,28399,0.324794203042984,
0,,28399,,0.2727336585521698
0,0.0010000000474974513,28449,0.10432329028844833,
0,,28449,,0.10796810686588287
0,0.0010000000474974513,28499,0.35242998600006104,
0,,28499,,0.19419068098068237
0,0.0010000000474974513,28549,0.10646312683820724,
0,,28549,,0.10660697519779205
0,0.0010000000474974513,28599,1.7233651876449585,
0,,28599,,0.7762305736541748
0,0.0010000000474974513,28649,0.1077752560377121,
0,,28649,,0.1100071594119072
0,0.0010000000474974513,28699,0.884492814540863,
0,,28699,,0.5281580090522766
0,0.0010000000474974513,28749,0.15411657094955444,
0,,28749,,0.14542242884635925
0,0.0010000000474974513,28799,1.764609694480896,
0,,28799,,2.1267356872558594
0,0.0010000000474974513,28849,0.18993787467479706,
0,,28849,,0.17932705581188202
0,0.0010000000474974513,28899,3.4264204502105713,
0,,28899,,4.4024176597595215
0,0.0010000000474974513,28949,0.11630842834711075,
0,,28949,,0.10140707343816757
0,0.0010000000474974513,28999,1.6753238439559937,
0,,28999,,0.4921824038028717
0,0.0010000000474974513,29049,0.11988555639982224,
0,,29049,,0.11721473932266235
0,0.0010000000474974513,29099,0.6513532400131226,
0,,29099,,0.7668812274932861
0,0.0010000000474974513,29149,0.5473136305809021,
0,,29149,,0.7440551519393921
0,0.0010000000474974513,29199,0.14671891927719116,
0,,29199,,0.16315925121307373
0,0.0010000000474974513,29249,0.12672284245491028,
0,,29249,,0.13149599730968475
0,0.0010000000474974513,29299,0.19618487358093262,
0,,29299,,0.22741803526878357
0,0.0010000000474974513,29349,1.8600081205368042,
0,,29349,,2.4413254261016846
0,0.0010000000474974513,29399,0.1943715214729309,
0,,29399,,0.12917545437812805
0,0.0010000000474974513,29449,2.3060081005096436,
0,,29449,,3.0749456882476807
0,0.0010000000474974513,29499,0.1101890429854393,
0,,29499,,0.09152711927890778
0,0.0010000000474974513,29549,0.16085857152938843,
0,,29549,,0.1803024411201477
0,0.0010000000474974513,29599,0.15626226365566254,
0,,29599,,0.17790375649929047
0,0.0010000000474974513,29649,0.548210620880127,
0,,29649,,0.6363464593887329
0,0.0010000000474974513,29699,0.6632156372070312,
0,,29699,,0.6536447405815125
0,0.0010000000474974513,29749,0.1276601403951645,
0,,29749,,0.13981080055236816
0,0.0010000000474974513,29799,0.18307629227638245,
0,,29799,,0.30830755829811096
0,0.0010000000474974513,29849,0.740382969379425,
0,,29849,,0.45520198345184326
0,0.0010000000474974513,29899,0.40424787998199463,
0,,29899,,0.32385191321372986
0,0.0010000000474974513,29949,1.1349701881408691,
0,,29949,,0.7567182779312134
0,0.0010000000474974513,29999,0.5257225036621094,
0,,29999,,0.6360678672790527
0,0.0010000000474974513,30049,2.0019116401672363,
0,,30049,,2.4611706733703613
0,0.0010000000474974513,30099,0.13386809825897217,
0,,30099,,0.13824257254600525
0,0.0010000000474974513,30149,0.5474993586540222,
0,,30149,,0.3836805820465088
0,0.0010000000474974513,30199,0.13325658440589905,
0,,30199,,0.11470568180084229
0,0.0010000000474974513,30249,0.43174105882644653,
0,,30249,,0.4839770495891571
0,0.0010000000474974513,30299,0.5293561220169067,
0,,30299,,0.42158210277557373
0,0.0010000000474974513,30349,0.7315126061439514,
0,,30349,,0.6801336407661438
0,0.0010000000474974513,30399,0.11858507245779037,
0,,30399,,0.1299765408039093
0,0.0010000000474974513,30449,0.11448501795530319,
0,,30449,,0.11583281308412552
0,0.0010000000474974513,30499,6.331024169921875,
0,,30499,,5.241799831390381
0,0.0010000000474974513,30549,0.5388504266738892,
0,,30549,,0.5061478018760681
0,0.0010000000474974513,30599,1.0222793817520142,
0,,30599,,1.104531168937683
0,0.0010000000474974513,30649,0.12902863323688507,
0,,30649,,0.1360444873571396
0,0.0010000000474974513,30699,0.8554409742355347,
0,,30699,,0.7281531691551208
0,0.0010000000474974513,30749,0.6107028722763062,
0,,30749,,0.6724959015846252
0,0.0010000000474974513,30799,0.10606858879327774,
0,,30799,,0.10625482350587845
0,0.0010000000474974513,30849,0.3591122031211853,
0,,30849,,0.3333040177822113
0,0.0010000000474974513,30899,0.4123494029045105,
0,,30899,,0.19268815219402313
0,0.0010000000474974513,30949,1.2944917678833008,
0,,30949,,0.66783207654953
0,0.0010000000474974513,30999,0.30847328901290894,
0,,30999,,0.40525075793266296
0,0.0010000000474974513,31049,0.2820708453655243,
0,,31049,,0.2964233458042145
0,0.0010000000474974513,31099,0.16459934413433075,
0,,31099,,0.19391855597496033
0,0.0010000000474974513,31149,0.16632887721061707,
0,,31149,,0.1928146332502365
0,0.0010000000474974513,31199,0.12598511576652527,
0,,31199,,0.13670077919960022
0,0.0010000000474974513,31249,0.22587846219539642,
0,,31249,,0.25314128398895264
0,0.0010000000474974513,31299,1.5337839126586914,
0,,31299,,1.4784176349639893
0,0.0010000000474974513,31349,0.1699141263961792,
0,,31349,,0.17625679075717926
0,0.0010000000474974513,31399,0.09800717234611511,
0,,31399,,0.09968294203281403
0,0.0010000000474974513,31449,1.3545554876327515,
0,,31449,,1.7935091257095337
0,0.0010000000474974513,31499,0.10624869912862778,
0,,31499,,0.10047242790460587
0,0.0010000000474974513,31549,1.305567979812622,
0,,31549,,1.3353406190872192
0,0.0010000000474974513,31599,1.0151287317276,
0,,31599,,1.164175271987915
0,0.0010000000474974513,31649,0.2093329280614853,
0,,31649,,0.2645343244075775
0,0.0010000000474974513,31699,0.21706001460552216,
0,,31699,,0.25463443994522095
0,0.0010000000474974513,31749,0.2702048420906067,
0,,31749,,0.19760408997535706
0,0.0010000000474974513,31799,0.08601771295070648,
0,,31799,,0.08979599922895432
0,0.0010000000474974513,31849,0.16091634333133698,
0,,31849,,0.25108179450035095
0,0.0010000000474974513,31899,0.08860865980386734,
0,,31899,,0.093674436211586
0,0.0010000000474974513,31949,0.09481222182512283,
0,,31949,,0.10524404793977737
0,0.0010000000474974513,31999,0.07857254892587662,
0,,31999,,0.08048862963914871
0,0.0010000000474974513,32049,0.5128628611564636,
0,,32049,,0.4390048384666443
0,0.0010000000474974513,32099,0.11787612736225128,
0,,32099,,0.1418786495923996
0,0.0010000000474974513,32149,0.08667128533124924,
0,,32149,,0.08656805008649826
0,0.0010000000474974513,32199,0.33554184436798096,
0,,32199,,0.66103595495224
0,0.0010000000474974513,32249,0.39135196805000305,
0,,32249,,0.5111771821975708
0,0.0010000000474974513,32299,0.14223229885101318,
0,,32299,,0.15635335445404053
0,0.0010000000474974513,32349,0.32604801654815674,
0,,32349,,0.3900870680809021
0,0.0010000000474974513,32399,2.5432279109954834,
0,,32399,,1.7237623929977417
0,0.0010000000474974513,32449,0.5601820349693298,
0,,32449,,0.7868664264678955
0,0.0010000000474974513,32499,0.11552220582962036,
0,,32499,,0.11731221526861191
0,0.0010000000474974513,32549,1.9546846151351929,
0,,32549,,2.459577798843384
0,0.0010000000474974513,32599,0.1741798371076584,
0,,32599,,0.17889374494552612
0,0.0010000000474974513,32649,0.24248437583446503,
0,,32649,,0.20488156378269196
0,0.0010000000474974513,32699,0.2763259708881378,
0,,32699,,1.1320104598999023
0,0.0010000000474974513,32749,0.17566901445388794,
0,,32749,,0.17650936543941498
0,0.0010000000474974513,32799,0.9082819819450378,
0,,32799,,1.1854959726333618
0,0.0010000000474974513,32849,0.13665343821048737,
0,,32849,,0.12499035894870758
0,0.0010000000474974513,32899,0.21849840879440308,
0,,32899,,0.20977254211902618
0,0.0010000000474974513,32949,0.10053060203790665,
0,,32949,,0.10009455680847168
0,0.0010000000474974513,32999,0.260283499956131,
0,,32999,,0.313592791557312
0,0.0010000000474974513,33049,0.08222329616546631,
0,,33049,,0.08580932766199112
0,0.0010000000474974513,33099,0.43703505396842957,
0,,33099,,0.46842432022094727
0,0.0010000000474974513,33149,0.26131555438041687,
0,,33149,,0.11980164796113968
0,0.0010000000474974513,33199,0.07828459143638611,
0,,33199,,0.07726449519395828
0,0.0010000000474974513,33249,1.6751816272735596,
0,,33249,,2.233421564102173
0,0.0010000000474974513,33299,0.13911135494709015,
0,,33299,,0.11271616071462631
0,0.0010000000474974513,33349,0.5024680495262146,
0,,33349,,0.43022072315216064
0,0.0010000000474974513,33399,0.7554439902305603,
0,,33399,,0.823613703250885
0,0.0010000000474974513,33449,3.0097010135650635,
0,,33449,,3.407071113586426
0,0.0010000000474974513,33499,0.07375945150852203,
0,,33499,,0.07650265097618103
0,0.0010000000474974513,33549,0.14187459647655487,
0,,33549,,0.26533281803131104
0,0.0010000000474974513,33599,1.722176432609558,
0,,33599,,1.600711703300476
0,0.0010000000474974513,33649,0.1385352909564972,
0,,33649,,0.15795230865478516
0,0.0010000000474974513,33699,0.13892628252506256,
0,,33699,,0.1634775847196579
0,0.0010000000474974513,33749,1.5020380020141602,
0,,33749,,1.1801948547363281
0,0.0010000000474974513,33799,0.074941486120224,
0,,33799,,0.07660434395074844
0,0.0010000000474974513,33849,0.30153852701187134,
0,,33849,,0.44877883791923523
0,0.0010000000474974513,33899,0.2718372642993927,
0,,33899,,0.2675436735153198
0,0.0010000000474974513,33949,0.16641154885292053,
0,,33949,,0.12553241848945618
0,0.0010000000474974513,33999,0.9047595262527466,
0,,33999,,1.0759812593460083
0,0.0010000000474974513,34049,1.6500368118286133,
0,,34049,,2.059366464614868
0,0.0010000000474974513,34099,0.07567909359931946,
0,,34099,,0.07442854344844818
0,0.0010000000474974513,34149,1.2547924518585205,
0,,34149,,1.160790205001831
0,0.0010000000474974513,34199,0.09421717375516891,
0,,34199,,0.10184410214424133
0,0.0010000000474974513,34249,0.7509744167327881,
0,,34249,,0.1584596037864685
0,0.0010000000474974513,34299,0.5113306641578674,
0,,34299,,0.66327965259552
0,0.0010000000474974513,34349,0.1618744432926178,
0,,34349,,0.16589733958244324
0,0.0010000000474974513,34399,0.1830025017261505,
0,,34399,,0.10102945566177368
0,0.0010000000474974513,34449,3.0524213314056396,
0,,34449,,2.5647878646850586
0,0.0010000000474974513,34499,0.277889609336853,
0,,34499,,0.2590161859989166
0,0.0010000000474974513,34549,0.10678788274526596,
0,,34549,,0.12427476048469543
0,0.0010000000474974513,34599,0.732944130897522,
0,,34599,,0.9677428007125854
0,0.0010000000474974513,34649,0.14056386053562164,
0,,34649,,0.16128428280353546
0,0.0010000000474974513,34699,0.7706158757209778,
0,,34699,,0.8140873312950134
0,0.0010000000474974513,34749,0.08797472715377808,
0,,34749,,0.09488781541585922
0,0.0010000000474974513,34799,0.5424867272377014,
0,,34799,,0.7227660417556763
0,0.0010000000474974513,34849,0.26364728808403015,
0,,34849,,0.21776096522808075
0,0.0010000000474974513,34899,0.2532663345336914,
0,,34899,,0.17901857197284698
0,0.0010000000474974513,34949,0.13040204346179962,
0,,34949,,0.11556631326675415
0,0.0010000000474974513,34999,1.3348380327224731,
0,,34999,,1.48140549659729
0,0.0010000000474974513,35049,0.07525009661912918,
0,,35049,,0.0797906145453453
0,0.0010000000474974513,35099,1.0842139720916748,
0,,35099,,0.8728913068771362
0,0.0010000000474974513,35149,0.08792878687381744,
0,,35149,,0.09961233288049698
0,0.0010000000474974513,35199,0.07152479887008667,
0,,35199,,0.07117427885532379
0,0.0010000000474974513,35249,0.07375326007604599,
0,,35249,,0.07673119008541107
0,0.0010000000474974513,35299,0.29374754428863525,
0,,35299,,0.4148377776145935
0,0.0010000000474974513,35349,0.0717286616563797,
0,,35349,,0.07507937401533127
0,0.0010000000474974513,35399,0.6825954914093018,
0,,35399,,0.6424047350883484
0,0.0010000000474974513,35449,0.07733329385519028,
0,,35449,,0.07670675963163376
0,0.0010000000474974513,35499,0.9421401619911194,
0,,35499,,1.1393071413040161
0,0.0010000000474974513,35549,1.6913622617721558,
0,,35549,,2.0453808307647705
0,0.0010000000474974513,35599,2.4305663108825684,
0,,35599,,3.046016216278076
0,0.0010000000474974513,35649,0.1111496165394783,
0,,35649,,0.11240316927433014
0,0.0010000000474974513,35699,1.0004149675369263,
0,,35699,,1.3967905044555664
0,0.0010000000474974513,35749,0.08292186260223389,
0,,35749,,0.088472381234169
0,0.0010000000474974513,35799,0.5413008332252502,
0,,35799,,0.8385376930236816
0,0.0010000000474974513,35849,1.1792970895767212,
0,,35849,,1.218557596206665
0,0.0010000000474974513,35899,4.294751167297363,
0,,35899,,4.032423973083496
0,0.0010000000474974513,35949,0.4142003655433655,
0,,35949,,0.47188064455986023
0,0.0010000000474974513,35999,0.1363631933927536,
0,,35999,,0.13888458907604218
0,0.0010000000474974513,36049,0.1779850274324417,
0,,36049,,0.3086985945701599
0,0.0010000000474974513,36099,0.09349121153354645,
0,,36099,,0.09679874777793884
0,0.0010000000474974513,36149,0.5292302370071411,
0,,36149,,0.494722455739975
0,0.0010000000474974513,36199,0.0908580869436264,
0,,36199,,0.07882817089557648
0,0.0010000000474974513,36249,1.31101655960083,
0,,36249,,1.5452797412872314
0,0.0010000000474974513,36299,0.45486390590667725,
0,,36299,,0.18661092221736908
0,0.0010000000474974513,36349,0.09081035852432251,
0,,36349,,0.09715702384710312
0,0.0010000000474974513,36399,0.14488585293293,
0,,36399,,0.13024216890335083
0,0.0010000000474974513,36449,0.17067696154117584,
0,,36449,,0.12527674436569214
0,0.0010000000474974513,36499,0.2940813899040222,
0,,36499,,0.3892758786678314
0,0.0010000000474974513,36549,0.3364219665527344,
0,,36549,,0.4315391182899475
0,0.0010000000474974513,36599,0.07505138963460922,
0,,36599,,0.06843117624521255
0,0.0010000000474974513,36649,0.08479198813438416,
0,,36649,,0.10106674581766129
0,0.0010000000474974513,36699,3.9008266925811768,
0,,36699,,3.70424747467041
0,0.0010000000474974513,36749,0.10262300074100494,
0,,36749,,0.0907561257481575
0,0.0010000000474974513,36799,0.33798617124557495,
0,,36799,,0.5790315270423889
0,0.0010000000474974513,36849,0.08349177986383438,
0,,36849,,0.08696866035461426
0,0.0010000000474974513,36899,4.212366580963135,
0,,36899,,3.101901054382324
0,0.0010000000474974513,36949,0.16806399822235107,
0,,36949,,0.15531392395496368
0,0.0010000000474974513,36999,3.4917328357696533,
0,,36999,,4.117004871368408
0,0.0010000000474974513,37049,0.06697526574134827,
0,,37049,,0.07290578633546829
0,0.0010000000474974513,37099,4.454369068145752,
0,,37099,,4.1456122398376465
0,0.0010000000474974513,37149,0.2352355271577835,
0,,37149,,0.2540132403373718
0,0.0010000000474974513,37199,0.14798378944396973,
0,,37199,,0.11756783723831177
0,0.0010000000474974513,37249,0.42020705342292786,
0,,37249,,0.367349773645401
0,0.0010000000474974513,37299,0.2772773206233978,
0,,37299,,0.20882312953472137
0,0.0010000000474974513,37349,1.8764981031417847,
0,,37349,,1.8288682699203491
0,0.0010000000474974513,37399,0.09363353252410889,
0,,37399,,0.099791020154953
0,0.0010000000474974513,37449,0.15850476920604706,
0,,37449,,0.13148505985736847
0,0.0010000000474974513,37499,0.4712654650211334,
0,,37499,,0.369649738073349
0,0.0010000000474974513,37549,0.11286310851573944,
0,,37549,,0.15469981729984283
0,0.0010000000474974513,37599,0.726707398891449,
0,,37599,,0.8961500525474548
0,0.0010000000474974513,37649,0.08569739013910294,
0,,37649,,0.07140366733074188
0,0.0010000000474974513,37699,0.3302066922187805,
0,,37699,,0.6627727746963501
0,0.0010000000474974513,37749,0.12349330633878708,
0,,37749,,0.1293743997812271
0,0.0010000000474974513,37799,0.37425291538238525,
0,,37799,,0.47500312328338623
0,0.0010000000474974513,37849,0.15055297315120697,
0,,37849,,0.17701004445552826
0,0.0010000000474974513,37899,0.06598083674907684,
0,,37899,,0.06583545356988907
0,0.0010000000474974513,37949,0.7035333514213562,
0,,37949,,0.7367377877235413
0,0.0010000000474974513,37999,2.146026134490967,
0,,37999,,2.3261237144470215
0,0.0010000000474974513,38049,0.1024208590388298,
0,,38049,,0.10246588289737701
0,0.0010000000474974513,38099,0.663977861404419,
0,,38099,,0.5682147741317749
0,0.0010000000474974513,38149,0.09288447350263596,
0,,38149,,0.09484831243753433
0,0.0010000000474974513,38199,0.1187991127371788,
0,,38199,,0.1926276981830597
0,0.0010000000474974513,38249,0.2908014953136444,
0,,38249,,0.29732394218444824
0,0.0010000000474974513,38299,2.052304267883301,
0,,38299,,1.5294119119644165
0,0.0010000000474974513,38349,0.15612632036209106,
0,,38349,,0.15764355659484863
0,0.0010000000474974513,38399,1.4467241764068604,
0,,38399,,0.8261581659317017
0,0.0010000000474974513,38449,0.26519954204559326,
0,,38449,,0.4121975898742676
0,0.0010000000474974513,38499,0.09078557044267654,
0,,38499,,0.08948921412229538
0,0.0010000000474974513,38549,0.7798336744308472,
0,,38549,,0.6259363889694214
0,0.0010000000474974513,38599,2.7310848236083984,
0,,38599,,1.4941836595535278
0,0.0010000000474974513,38649,0.06245702877640724,
0,,38649,,0.06663074344396591
0,0.0010000000474974513,38699,0.10316196084022522,
0,,38699,,0.10096334666013718
0,0.0010000000474974513,38749,0.16480925679206848,
0,,38749,,0.18672004342079163
0,0.0010000000474974513,38799,0.06543190777301788,
0,,38799,,0.06588680297136307
0,0.0010000000474974513,38849,0.8694134950637817,
0,,38849,,1.6154954433441162
0,0.0010000000474974513,38899,0.064874067902565,
0,,38899,,0.0647742971777916
0,0.0010000000474974513,38949,0.12877674400806427,
0,,38949,,0.0794016495347023
0,0.0010000000474974513,38999,0.07661610841751099,
0,,38999,,0.07519465684890747
0,0.0010000000474974513,39049,0.3714801073074341,
0,,39049,,0.5164411067962646
0,0.0010000000474974513,39099,0.1858377456665039,
0,,39099,,0.11995628476142883
0,0.0010000000474974513,39149,0.06076417490839958,
0,,39149,,0.061721187084913254
0,0.0010000000474974513,39199,0.6546254754066467,
0,,39199,,0.4713175594806671
0,0.0010000000474974513,39249,1.646424412727356,
0,,39249,,2.0850770473480225
0,0.0010000000474974513,39299,0.2092653214931488,
0,,39299,,0.20995785295963287
0,0.0010000000474974513,39349,0.8889307975769043,
0,,39349,,0.7848780751228333
0,0.0010000000474974513,39399,0.11949975043535233,
0,,39399,,0.13830706477165222
0,0.0010000000474974513,39449,0.16020379960536957,
0,,39449,,0.16965870559215546
0,0.0010000000474974513,39499,0.07699927687644958,
0,,39499,,0.08867581188678741
0,0.0010000000474974513,39549,0.2927272319793701,
0,,39549,,0.39322301745414734
0,0.0010000000474974513,39599,0.14415866136550903,
0,,39599,,0.10266251862049103
0,0.0010000000474974513,39649,0.09624582529067993,
0,,39649,,0.19256384670734406
0,0.0010000000474974513,39699,0.07647085934877396,
0,,39699,,0.08105862885713577
0,0.0010000000474974513,39749,4.483983516693115,
0,,39749,,5.248085021972656
0,0.0010000000474974513,39799,0.7614320516586304,
0,,39799,,0.8816891312599182
0,0.0010000000474974513,39849,0.06240279972553253,
0,,39849,,0.06256630271673203
0,0.0010000000474974513,39899,0.5324549674987793,
0,,39899,,0.2992446720600128
0,0.0010000000474974513,39949,1.2171142101287842,
0,,39949,,0.22760866582393646
0,0.0010000000474974513,39999,1.038512945175171,
0,,39999,,1.1871031522750854
0,0.0010000000474974513,40049,0.13369697332382202,
0,,40049,,0.1473456770181656
0,0.0010000000474974513,40099,0.34293168783187866,
0,,40099,,0.4080108106136322
0,0.0010000000474974513,40149,0.06111040711402893,
0,,40149,,0.06957262754440308
0,0.0010000000474974513,40199,2.837733745574951,
0,,40199,,2.345210075378418
0,0.0010000000474974513,40249,0.4120522141456604,
0,,40249,,0.5451844334602356
0,0.0010000000474974513,40299,0.22581441700458527,
0,,40299,,0.22134244441986084
0,0.0010000000474974513,40349,0.19154423475265503,
0,,40349,,0.13434530794620514
0,0.0010000000474974513,40399,3.169424295425415,
0,,40399,,2.0627636909484863
0,0.0010000000474974513,40449,0.1543276309967041,
0,,40449,,0.11793848872184753
0,0.0010000000474974513,40499,0.5852099061012268,
0,,40499,,0.7600563168525696
0,0.0010000000474974513,40549,0.08658172190189362,
0,,40549,,0.09817709773778915
0,0.0010000000474974513,40599,4.306418418884277,
0,,40599,,4.393566608428955
0,0.0010000000474974513,40649,0.10557907074689865,
0,,40649,,0.08046554028987885
0,0.0010000000474974513,40699,0.05960293486714363,
0,,40699,,0.06135774403810501
0,0.0010000000474974513,40749,1.282222032546997,
0,,40749,,1.1658799648284912
0,0.0010000000474974513,40799,0.2455022931098938,
0,,40799,,0.10911820083856583
0,0.0010000000474974513,40849,0.06628920882940292,
0,,40849,,0.06839430332183838
0,0.0010000000474974513,40899,0.12266679853200912,
0,,40899,,0.06862721592187881
0,0.0010000000474974513,40949,0.07700376212596893,
0,,40949,,0.13234958052635193
0,0.0010000000474974513,40999,0.805395245552063,
0,,40999,,1.1286613941192627
0,0.0010000000474974513,41049,0.13350987434387207,
0,,41049,,0.0953584536910057
0,0.0010000000474974513,41099,4.257482051849365,
0,,41099,,3.7308413982391357
0,0.0010000000474974513,41149,0.06665538251399994,
0,,41149,,0.061202503740787506
0,0.0010000000474974513,41199,0.25126713514328003,
0,,41199,,0.2131308764219284
0,0.0010000000474974513,41249,0.14679481089115143,
0,,41249,,0.15469025075435638
0,0.0010000000474974513,41299,0.07553759217262268,
0,,41299,,0.0934973955154419
0,0.0010000000474974513,41349,4.364525318145752,
0,,41349,,4.7090983390808105
0,0.0010000000474974513,41399,0.06297741085290909,
0,,41399,,0.0735078677535057
0,0.0010000000474974513,41449,0.09993690252304077,
0,,41449,,0.11947996914386749
0,0.0010000000474974513,41499,0.20401214063167572,
0,,41499,,0.297732412815094
0,0.0010000000474974513,41549,0.6011267304420471,
0,,41549,,0.5928382873535156
0,0.0010000000474974513,41599,0.06530725210905075,
0,,41599,,0.0656035915017128
0,0.0010000000474974513,41649,1.8366165161132812,
0,,41649,,2.3052046298980713
0,0.0010000000474974513,41699,0.13504981994628906,
0,,41699,,0.1403898298740387
0,0.0010000000474974513,41749,0.25223296880722046,
0,,41749,,0.33709168434143066
0,0.0010000000474974513,41799,0.08962828665971756,
0,,41799,,0.12289076298475266
0,0.0010000000474974513,41849,0.5257184505462646,
0,,41849,,0.6495612859725952
0,0.0010000000474974513,41899,0.07328980416059494,
0,,41899,,0.06780587881803513
0,0.0010000000474974513,41949,0.07382822036743164,
0,,41949,,0.47770583629608154
0,0.0010000000474974513,41999,0.06534381955862045,
0,,41999,,0.06083136051893234
0,0.0010000000474974513,42049,0.4773404598236084,
0,,42049,,0.3318737745285034
0,0.0010000000474974513,42099,0.08314500004053116,
0,,42099,,0.09275749325752258
0,0.0010000000474974513,42149,0.13299217820167542,
0,,42149,,0.11148183792829514
0,0.0010000000474974513,42199,0.1197015792131424,
0,,42199,,0.1455548256635666
0,0.0010000000474974513,42249,0.15154077112674713,
0,,42249,,0.1722508817911148
0,0.0010000000474974513,42299,0.07718858122825623,
0,,42299,,0.11544179171323776
0,0.0010000000474974513,42349,0.14750774204730988,
0,,42349,,0.221321702003479
0,0.0010000000474974513,42399,0.561494767665863,
0,,42399,,0.6637305021286011
0,0.0010000000474974513,42449,0.08903282135725021,
0,,42449,,0.09152554720640182
0,0.0010000000474974513,42499,0.1815042346715927,
0,,42499,,0.26508843898773193
0,0.0010000000474974513,42549,0.22575320303440094,
0,,42549,,0.2524738013744354
0,0.0010000000474974513,42599,0.05716327950358391,
0,,42599,,0.060236670076847076
0,0.0010000000474974513,42649,0.33683690428733826,
0,,42649,,0.6109840273857117
0,0.0010000000474974513,42699,0.056546155363321304,
0,,42699,,0.06251531094312668
0,0.0010000000474974513,42749,0.05341493710875511,
0,,42749,,0.05500315874814987
0,0.0010000000474974513,42799,0.3028283715248108,
0,,42799,,0.40976694226264954
0,0.0010000000474974513,42849,0.43635594844818115,
0,,42849,,0.5558940172195435
0,0.0010000000474974513,42899,0.17725762724876404,
0,,42899,,0.18514087796211243
0,0.0010000000474974513,42949,0.13512645661830902,
0,,42949,,0.16185219585895538
0,0.0010000000474974513,42999,0.2323918491601944,
0,,42999,,0.17968906462192535
0,0.0010000000474974513,43049,0.2508303225040436,
0,,43049,,0.162735253572464
0,0.0010000000474974513,43099,1.6870187520980835,
0,,43099,,2.3076298236846924
0,0.0010000000474974513,43149,0.11073219776153564,
0,,43149,,0.08863900601863861
0,0.0010000000474974513,43199,0.15648731589317322,
0,,43199,,0.12989701330661774
0,0.0010000000474974513,43249,0.20079125463962555,
0,,43249,,0.2463044673204422
0,0.0010000000474974513,43299,0.28929436206817627,
0,,43299,,0.24036158621311188
0,0.0010000000474974513,43349,0.06645802408456802,
0,,43349,,0.06788157671689987
0,0.0010000000474974513,43399,0.3902626931667328,
0,,43399,,0.36685091257095337
0,0.0010000000474974513,43449,0.11392181366682053,
0,,43449,,0.09366229921579361
0,0.0010000000474974513,43499,0.9641766548156738,
0,,43499,,1.2052973508834839
0,0.0010000000474974513,43549,0.09791351854801178,
0,,43549,,0.08997391164302826
0,0.0010000000474974513,43599,0.3388262689113617,
0,,43599,,0.22872544825077057
0,0.0010000000474974513,43649,0.07770896703004837,
0,,43649,,0.0923571065068245
0,0.0010000000474974513,43699,0.5905831456184387,
0,,43699,,0.6542871594429016
0,0.0010000000474974513,43749,0.11435000598430634,
0,,43749,,0.11772050708532333
0,0.0010000000474974513,43799,2.424795150756836,
0,,43799,,2.710442543029785
0,0.0010000000474974513,43849,0.10446467250585556,
0,,43849,,0.10658371448516846
0,0.0010000000474974513,43899,0.1292220503091812,
0,,43899,,0.09039843082427979
0,0.0010000000474974513,43949,0.4446263611316681,
0,,43949,,0.16509176790714264
0,0.0010000000474974513,43999,0.1827690750360489,
0,,43999,,0.23731400072574615
0,0.0010000000474974513,44049,0.1335538625717163,
0,,44049,,0.1423540562391281
0,0.0010000000474974513,44099,0.10909929871559143,
0,,44099,,0.12722356617450714
0,0.0010000000474974513,44149,4.218543529510498,
0,,44149,,4.305697441101074
0,0.0010000000474974513,44199,0.09500155597925186,
0,,44199,,0.06738175451755524
0,0.0010000000474974513,44249,0.05124718323349953,
0,,44249,,0.05135782063007355
0,0.0010000000474974513,44299,3.0280919075012207,
0,,44299,,3.1878409385681152
0,0.0010000000474974513,44349,0.23304952681064606,
0,,44349,,0.24835294485092163
0,0.0010000000474974513,44399,0.061591003090143204,
0,,44399,,0.06237540766596794
0,0.0010000000474974513,44449,0.21727226674556732,
0,,44449,,0.2773701548576355
0,0.0010000000474974513,44499,3.6040072441101074,
0,,44499,,3.9366650581359863
0,0.0010000000474974513,44549,0.780610203742981,
0,,44549,,0.8960794806480408
0,0.0010000000474974513,44599,0.09376586973667145,
0,,44599,,0.09350354969501495
0,0.0010000000474974513,44649,1.6059390306472778,
0,,44649,,2.097158670425415
0,0.0010000000474974513,44699,0.06081869825720787,
0,,44699,,0.07397855073213577
0,0.0010000000474974513,44749,0.21477378904819489,
0,,44749,,0.38831162452697754
0,0.0010000000474974513,44799,0.22807452082633972,
0,,44799,,0.32573404908180237
0,0.0010000000474974513,44849,0.069008469581604,
0,,44849,,0.07137912511825562
0,0.0010000000474974513,44899,0.17446163296699524,
0,,44899,,0.10160955041646957
0,0.0010000000474974513,44949,0.16580523550510406,
0,,44949,,0.16924096643924713
0,0.0010000000474974513,44999,2.0106470584869385,
0,,44999,,2.110980749130249
0,0.0010000000474974513,45049,0.06333459168672562,
0,,45049,,0.05869652330875397
0,0.0010000000474974513,45099,0.281819611787796,
0,,45099,,0.48947209119796753
0,0.0010000000474974513,45149,0.11615108698606491,
0,,45149,,0.13435399532318115
0,0.0010000000474974513,45199,0.14577244222164154,
0,,45199,,0.14472931623458862
0,0.0010000000474974513,45249,5.773945331573486,
0,,45249,,6.132948398590088
0,0.0010000000474974513,45299,0.05903401970863342,
0,,45299,,0.05569133907556534
0,0.0010000000474974513,45349,0.20575900375843048,
0,,45349,,0.20611844956874847
0,0.0010000000474974513,45399,0.6350212693214417,
0,,45399,,0.643058180809021
0,0.0010000000474974513,45449,0.3163655400276184,
0,,45449,,0.3302161693572998
0,0.0010000000474974513,45499,0.5604373216629028,
0,,45499,,0.7189366817474365
0,0.0010000000474974513,45549,0.11786776781082153,
0,,45549,,0.12649516761302948
0,0.0010000000474974513,45599,3.8369762897491455,
0,,45599,,3.6862857341766357
0,0.0010000000474974513,45649,0.06567544490098953,
0,,45649,,0.0572967492043972
0,0.0010000000474974513,45699,0.5335139632225037,
0,,45699,,0.4527478516101837
0,0.0010000000474974513,45749,1.3545771837234497,
0,,45749,,1.5564961433410645
0,0.0010000000474974513,45799,1.5213255882263184,
0,,45799,,1.3883777856826782
0,0.0010000000474974513,45849,0.45638495683670044,
0,,45849,,0.5419173240661621
0,0.0010000000474974513,45899,0.3024066686630249,
0,,45899,,0.335809588432312
0,0.0010000000474974513,45949,0.9010148048400879,
0,,45949,,0.5238184928894043
0,0.0010000000474974513,45999,0.13148808479309082,
0,,45999,,0.1986159235239029
0,0.0010000000474974513,46049,1.5973600149154663,
0,,46049,,1.3814576864242554
0,0.0010000000474974513,46099,0.05353102833032608,
0,,46099,,0.059005413204431534
0,0.0010000000474974513,46149,0.7511489987373352,
0,,46149,,0.7100844383239746
0,0.0010000000474974513,46199,0.06778831779956818,
0,,46199,,0.064144566655159
0,0.0010000000474974513,46249,4.474638938903809,
0,,46249,,2.539527654647827
0,0.0010000000474974513,46299,0.07065510749816895,
0,,46299,,0.0765288919210434
0,0.0010000000474974513,46349,0.22696548700332642,
0,,46349,,0.24371342360973358
0,0.0010000000474974513,46399,0.1484343707561493,
0,,46399,,0.18461133539676666
0,0.0010000000474974513,46449,0.07654722779989243,
0,,46449,,0.10622559487819672
0,0.0010000000474974513,46499,0.1010487973690033,
0,,46499,,0.128764808177948
0,0.0010000000474974513,46549,2.6397743225097656,
0,,46549,,2.871917963027954
0,0.0010000000474974513,46599,0.06059323623776436,
0,,46599,,0.06372926384210587
0,0.0010000000474974513,46649,0.05386669561266899,
0,,46649,,0.05841079354286194
0,0.0010000000474974513,46699,0.06117510795593262,
0,,46699,,0.06914280354976654
0,0.0010000000474974513,46749,0.26422977447509766,
0,,46749,,0.21272797882556915
0,0.0010000000474974513,46799,2.6518640518188477,
0,,46799,,2.611630439758301
0,0.0010000000474974513,46849,0.050225820392370224,
0,,46849,,0.05347753316164017
0,0.0010000000474974513,46899,0.09734581410884857,
0,,46899,,0.06483009457588196
0,0.0010000000474974513,46949,1.9146267175674438,
0,,46949,,1.8685858249664307
0,0.0010000000474974513,46999,3.0407462120056152,
0,,46999,,3.199005365371704
0,0.0010000000474974513,47049,0.047606147825717926,
0,,47049,,0.04729408770799637
0,0.0010000000474974513,47099,0.43012624979019165,
0,,47099,,0.633159875869751
0,0.0010000000474974513,47149,3.3186757564544678,
0,,47149,,2.9041688442230225
0,0.0010000000474974513,47199,0.050449248403310776,
0,,47199,,0.05362577736377716
0,0.0010000000474974513,47249,0.37339523434638977,
0,,47249,,0.48483991622924805
0,0.0010000000474974513,47299,1.0930989980697632,
0,,47299,,0.8986486792564392
0,0.0010000000474974513,47349,0.04456815496087074,
0,,47349,,0.0460953414440155
0,0.0010000000474974513,47399,1.159108281135559,
0,,47399,,1.0001071691513062
0,0.0010000000474974513,47449,0.14998993277549744,
0,,47449,,0.14736726880073547
0,0.0010000000474974513,47499,1.903001308441162,
0,,47499,,1.255549669265747
0,0.0010000000474974513,47549,0.05756261199712753,
0,,47549,,0.06856764107942581
0,0.0010000000474974513,47599,0.05652371048927307,
0,,47599,,0.22159074246883392
0,0.0010000000474974513,47649,2.517456531524658,
0,,47649,,2.850571632385254
0,0.0010000000474974513,47699,0.07437418401241302,
0,,47699,,0.07571911066770554
0,0.0010000000474974513,47749,0.11129647493362427,
0,,47749,,0.5020157694816589
0,0.0010000000474974513,47799,0.24618715047836304,
0,,47799,,0.2931870222091675
0,0.0010000000474974513,47849,0.054742760956287384,
0,,47849,,0.05472496151924133
0,0.0010000000474974513,47899,0.09199056029319763,
0,,47899,,0.1968677043914795
0,0.0010000000474974513,47949,0.586961030960083,
0,,47949,,1.3447823524475098
0,0.0010000000474974513,47999,0.05107252299785614,
0,,47999,,0.04900089651346207
0,0.0010000000474974513,48049,0.8542085289955139,
0,,48049,,1.378778338432312
0,0.0010000000474974513,48099,0.04630089923739433,
0,,48099,,0.04990789666771889
0,0.0010000000474974513,48149,0.34894996881484985,
0,,48149,,1.380729079246521
0,0.0010000000474974513,48199,0.06923317164182663,
0,,48199,,0.07369566708803177
0,0.0010000000474974513,48249,0.7365915179252625,
0,,48249,,0.8571953773498535
0,0.0010000000474974513,48299,0.05922850966453552,
0,,48299,,0.05783373862504959
0,0.0010000000474974513,48349,0.5070229768753052,
0,,48349,,0.37143585085868835
0,0.0010000000474974513,48399,0.1197584792971611,
0,,48399,,0.1380169838666916
0,0.0010000000474974513,48449,1.2861158847808838,
0,,48449,,1.4696738719940186
0,0.0010000000474974513,48499,0.12142810225486755,
0,,48499,,0.14098747074604034
0,0.0010000000474974513,48549,0.3123668432235718,
0,,48549,,0.3601160943508148
0,0.0010000000474974513,48599,0.2934682071208954,
0,,48599,,0.1570248305797577
0,0.0010000000474974513,48649,0.053629547357559204,
0,,48649,,0.05591040849685669
0,0.0010000000474974513,48699,0.33423107862472534,
0,,48699,,0.386336088180542
0,0.0010000000474974513,48749,0.1528836041688919,
0,,48749,,0.1626640111207962
0,0.0010000000474974513,48799,0.23031966388225555,
0,,48799,,0.23198559880256653
0,0.0010000000474974513,48849,1.0031076669692993,
0,,48849,,1.261231780052185
0,0.0010000000474974513,48899,0.0691804364323616,
0,,48899,,0.06554858386516571
0,0.0010000000474974513,48949,1.7434450387954712,
0,,48949,,1.0048425197601318
0,0.0010000000474974513,48999,0.06842563301324844,
0,,48999,,0.06409033387899399
0,0.0010000000474974513,49049,1.8876336812973022,
0,,49049,,1.3324165344238281
0,0.0010000000474974513,49099,0.05461396276950836,
0,,49099,,0.05413632467389107
0,0.0010000000474974513,49149,0.5518798828125,
0,,49149,,0.32717934250831604
0,0.0010000000474974513,49199,2.4186553955078125,
0,,49199,,2.5694496631622314
0,0.0010000000474974513,49249,0.0718161091208458,
0,,49249,,0.08719216287136078
0,0.0010000000474974513,49299,0.11123628169298172,
0,,49299,,0.12511757016181946
0,0.0010000000474974513,49349,0.1709078699350357,
0,,49349,,0.23394861817359924
0,0.0010000000474974513,49399,0.1760232299566269,
0,,49399,,0.16042982041835785
0,0.0010000000474974513,49449,0.49834245443344116,
0,,49449,,0.7502257227897644
0,0.0010000000474974513,49499,2.755326271057129,
0,,49499,,2.0821690559387207
0,0.0010000000474974513,49549,0.048454705625772476,
0,,49549,,0.04474593698978424
0,0.0010000000474974513,49599,2.477459669113159,
0,,49599,,2.02677583694458
0,0.0010000000474974513,49649,0.09676451236009598,
0,,49649,,0.09305772930383682
0,0.0010000000474974513,49699,0.04266282543540001,
0,,49699,,0.04410763829946518
0,0.0010000000474974513,49749,0.28026413917541504,
0,,49749,,0.41042882204055786
0,0.0010000000474974513,49799,0.0508042611181736,
0,,49799,,0.05036260187625885
0,0.0010000000474974513,49849,0.5029609203338623,
0,,49849,,0.12056522816419601
0,0.0010000000474974513,49899,0.04743148386478424,
0,,49899,,0.044031303375959396
0,0.0010000000474974513,49949,0.6947177052497864,
0,,49949,,0.515282928943634
0,0.0010000000474974513,49999,0.047888774424791336,
0,,49999,,0.0500771701335907
0,0.0010000000474974513,50049,2.30955171585083,
0,,50049,,1.635241985321045
0,0.0010000000474974513,50099,0.044560641050338745,
0,,50099,,0.04466259106993675
0,0.0010000000474974513,50149,2.000115394592285,
0,,50149,,2.5249502658843994
0,0.0010000000474974513,50199,0.05336010083556175,
0,,50199,,0.0649118646979332
0,0.0010000000474974513,50249,0.06972717493772507,
0,,50249,,0.20210251212120056
0,0.0010000000474974513,50299,1.6863032579421997,
0,,50299,,1.955844521522522
0,0.0010000000474974513,50349,0.04197509586811066,
0,,50349,,0.045129016041755676
0,0.0010000000474974513,50399,2.2041175365448,
0,,50399,,2.6160967350006104
0,0.0010000000474974513,50449,0.06992863863706589,
0,,50449,,0.08471673727035522
0,0.0010000000474974513,50499,1.1266404390335083,
0,,50499,,1.3889623880386353
0,0.0010000000474974513,50549,0.05014925077557564,
0,,50549,,0.04862279072403908
0,0.0010000000474974513,50599,0.42355263233184814,
0,,50599,,0.1918649524450302
0,0.0010000000474974513,50649,0.14780177175998688,
0,,50649,,0.228371724486351
0,0.0010000000474974513,50699,0.20147965848445892,
0,,50699,,0.15763820707798004
0,0.0010000000474974513,50749,0.27105239033699036,
0,,50749,,0.29589128494262695
0,0.0010000000474974513,50799,0.6550871729850769,
0,,50799,,0.5405470728874207
0,0.0010000000474974513,50849,0.4513789117336273,
0,,50849,,0.5422759056091309
0,0.0010000000474974513,50899,0.03739796578884125,
0,,50899,,0.0384763665497303
0,0.0010000000474974513,50949,0.9290397763252258,
0,,50949,,0.7652533650398254
0,0.0010000000474974513,50999,0.04565061256289482,
0,,50999,,0.04591349512338638
0,0.0010000000474974513,51049,0.04443696513772011,
0,,51049,,0.04583394154906273
0,0.0010000000474974513,51099,0.06436758488416672,
0,,51099,,0.04536126181483269
0,0.0010000000474974513,51149,0.6439480185508728,
0,,51149,,0.7990739941596985
0,0.0010000000474974513,51199,0.04511801153421402,
0,,51199,,0.048259392380714417
0,0.0010000000474974513,51249,0.07850160449743271,
0,,51249,,0.08607321232557297
0,0.0010000000474974513,51299,0.056365445256233215,
0,,51299,,0.08704830706119537
0,0.0010000000474974513,51349,0.4505135416984558,
0,,51349,,0.5889216065406799
0,0.0010000000474974513,51399,0.14714936912059784,
0,,51399,,0.1088608056306839
0,0.0010000000474974513,51449,1.5956248044967651,
0,,51449,,2.0200581550598145
0,0.0010000000474974513,51499,0.19875077903270721,
0,,51499,,0.21749873459339142
0,0.0010000000474974513,51549,0.1855943650007248,
0,,51549,,0.1988614946603775
0,0.0010000000474974513,51599,0.15069635212421417,
0,,51599,,0.157342329621315
0,0.0010000000474974513,51649,0.05979320406913757,
0,,51649,,0.06060519069433212
0,0.0010000000474974513,51699,0.12234189361333847,
0,,51699,,0.14359335601329803
0,0.0010000000474974513,51749,0.10593047738075256,
0,,51749,,0.13010874390602112
0,0.0010000000474974513,51799,0.23196519911289215,
0,,51799,,0.2358458936214447
0,0.0010000000474974513,51849,0.045329924672842026,
0,,51849,,0.04291153326630592
0,0.0010000000474974513,51899,0.4578377604484558,
0,,51899,,0.8103684186935425
0,0.0010000000474974513,51949,0.07093829661607742,
0,,51949,,0.11338590830564499
0,0.0010000000474974513,51999,0.0540112741291523,
0,,51999,,0.053364045917987823
0,0.0010000000474974513,52049,0.416469007730484,
0,,52049,,0.2567022740840912
0,0.0010000000474974513,52099,0.05598127096891403,
0,,52099,,0.1134524941444397
0,0.0010000000474974513,52149,0.03773752972483635,
0,,52149,,0.036794524639844894
0,0.0010000000474974513,52199,4.798216342926025,
0,,52199,,5.414822101593018
0,0.0010000000474974513,52249,0.057674020528793335,
0,,52249,,0.0725732073187828
0,0.0010000000474974513,52299,0.0796244889497757,
0,,52299,,0.08778804540634155
0,0.0010000000474974513,52349,0.1963813602924347,
0,,52349,,0.17886945605278015
0,0.0010000000474974513,52399,2.413736343383789,
0,,52399,,2.466202974319458
0,0.0010000000474974513,52449,0.06435679644346237,
0,,52449,,0.06505953520536423
0,0.0010000000474974513,52499,0.6845601797103882,
0,,52499,,0.5491407513618469
0,0.0010000000474974513,52549,0.03987525776028633,
0,,52549,,0.04101838171482086
0,0.0010000000474974513,52599,0.050563741475343704,
0,,52599,,0.05443472042679787
0,0.0010000000474974513,52649,0.051018089056015015,
0,,52649,,0.051469333469867706
0,0.0010000000474974513,52699,2.3606927394866943,
0,,52699,,3.257598876953125
0,0.0010000000474974513,52749,0.06695407629013062,
0,,52749,,0.08678590506315231
0,0.0010000000474974513,52799,0.44098663330078125,
0,,52799,,0.3094539940357208
0,0.0010000000474974513,52849,0.050279390066862106,
0,,52849,,0.05053209885954857
0,0.0010000000474974513,52899,0.34491124749183655,
0,,52899,,0.2595522999763489
0,0.0010000000474974513,52949,0.04250487685203552,
0,,52949,,0.05057833343744278
0,0.0010000000474974513,52999,1.7234057188034058,
0,,52999,,1.7450469732284546
0,0.0010000000474974513,53049,0.12921728193759918,
0,,53049,,0.1467292606830597
0,0.0010000000474974513,53099,1.4345242977142334,
0,,53099,,1.4773225784301758
0,0.0010000000474974513,53149,0.17566558718681335,
0,,53149,,0.22349461913108826
0,0.0005000000237487257,53199,0.053064290434122086,
0,,53199,,0.03582235053181648
0,0.0005000000237487257,53249,0.03451218083500862,
0,,53249,,0.03448313847184181
0,0.0005000000237487257,53299,0.03412415459752083,
0,,53299,,0.034211158752441406
0,0.0005000000237487257,53349,0.034268639981746674,
0,,53349,,0.03404713422060013
0,0.0005000000237487257,53399,0.03329010307788849,
0,,53399,,0.03391442447900772
0,0.0005000000237487257,53449,0.03287201374769211,
0,,53449,,0.03369907662272453
0,0.0005000000237487257,53499,0.03278731927275658,
0,,53499,,0.03352328762412071
0,0.0005000000237487257,53549,0.03246309980750084,
0,,53549,,0.03359796479344368
0,0.0005000000237487257,53599,0.03322033956646919,
0,,53599,,0.03336175158619881
0,0.0005000000237487257,53649,0.03296683728694916,
0,,53649,,0.03306116908788681
0,0.0005000000237487257,53699,0.03245073929429054,
0,,53699,,0.032996512949466705
0,0.0005000000237487257,53749,0.032494351267814636,
0,,53749,,0.03305791690945625
0,0.0005000000237487257,53799,0.032370202243328094,
0,,53799,,0.03266745060682297
0,0.0005000000237487257,53849,0.03141697868704796,
0,,53849,,0.032530903816223145
0,0.0005000000237487257,53899,0.03173929452896118,
0,,53899,,0.03246903046965599
0,0.0005000000237487257,53949,0.03216361999511719,
0,,53949,,0.03235732764005661
0,0.0005000000237487257,53999,0.03268742188811302,
0,,53999,,0.032069552689790726
0,0.0005000000237487257,54049,0.03130492940545082,
0,,54049,,0.03176334872841835
0,0.0005000000237487257,54099,0.03131430223584175,
0,,54099,,0.031760409474372864
0,0.0005000000237487257,54149,0.030827971175312996,
0,,54149,,0.03159099072217941
0,0.0005000000237487257,54199,0.0306103453040123,
0,,54199,,0.03146893531084061
0,0.0005000000237487257,54249,0.03327654302120209,
0,,54249,,0.033817604184150696
0,0.0005000000237487257,54299,0.03989950194954872,
0,,54299,,0.040089961141347885
0,0.0005000000237487257,54349,0.032790299504995346,
0,,54349,,0.03384191542863846
0,0.0005000000237487257,54399,0.030728161334991455,
0,,54399,,0.03226761147379875
0,0.0005000000237487257,54449,0.03281782940030098,
0,,54449,,0.04014652967453003
0,0.0005000000237487257,54499,0.03314454108476639,
0,,54499,,0.033017054200172424
0,0.0005000000237487257,54549,0.09582958370447159,
0,,54549,,0.09567887336015701
0,0.0005000000237487257,54599,0.07390415668487549,
0,,54599,,0.045201368629932404
0,0.0005000000237487257,54649,0.06436777114868164,
0,,54649,,0.05961795523762703
0,0.0005000000237487257,54699,0.22929848730564117,
0,,54699,,0.2720637321472168
0,0.0005000000237487257,54749,0.044750723987817764,
0,,54749,,0.039175115525722504
0,0.0005000000237487257,54799,0.030192960053682327,
0,,54799,,0.031110214069485664
0,0.0005000000237487257,54849,0.46861129999160767,
0,,54849,,0.557296097278595
0,0.0005000000237487257,54899,0.03419208899140358,
0,,54899,,0.03248023986816406
0,0.0005000000237487257,54949,0.04239223152399063,
0,,54949,,0.034323059022426605
0,0.0005000000237487257,54999,0.4593336284160614,
0,,54999,,0.44149109721183777
0,0.0005000000237487257,55049,0.27623265981674194,
0,,55049,,0.24607416987419128
0,0.0005000000237487257,55099,0.4038757085800171,
0,,55099,,0.42031896114349365
0,0.0005000000237487257,55149,0.033598899841308594,
0,,55149,,0.03243056312203407
0,0.0005000000237487257,55199,0.16761699318885803,
0,,55199,,0.09962465614080429
0,0.0005000000237487257,55249,0.10103966295719147,
0,,55249,,0.07617434859275818
0,0.0005000000237487257,55299,0.030601225793361664,
0,,55299,,0.031361378729343414
0,0.0005000000237487257,55349,0.10646316409111023,
0,,55349,,0.17864520847797394
0,0.0005000000237487257,55399,0.03284585848450661,
0,,55399,,0.03347836062312126
0,0.0005000000237487257,55449,0.21184776723384857,
0,,55449,,0.14086729288101196
0,0.0005000000237487257,55499,0.03206079080700874,
0,,55499,,0.03164001926779747
0,0.0005000000237487257,55549,0.6724643111228943,
0,,55549,,0.6815442442893982
0,0.0005000000237487257,55599,0.03801358491182327,
0,,55599,,0.03793947026133537
0,0.0005000000237487257,55649,0.6772369742393494,
0,,55649,,0.8103402853012085
0,0.0005000000237487257,55699,0.0944376140832901,
0,,55699,,0.10170254856348038
0,0.0005000000237487257,55749,0.12417083978652954,
0,,55749,,0.1381813883781433
0,0.0005000000237487257,55799,0.03707066550850868,
0,,55799,,0.049929603934288025
0,0.0005000000237487257,55849,0.16169631481170654,
0,,55849,,0.13017790019512177
0,0.0005000000237487257,55899,0.04263626039028168,
0,,55899,,0.04537239670753479
0,0.0005000000237487257,55949,0.08014145493507385,
0,,55949,,0.090382419526577
0,0.0005000000237487257,55999,0.5435760617256165,
0,,55999,,0.30948197841644287
0,0.0005000000237487257,56049,0.03426916524767876,
0,,56049,,0.03482017293572426
0,0.0005000000237487257,56099,0.041381094604730606,
0,,56099,,0.055950552225112915
0,0.0005000000237487257,56149,0.03805909678339958,
0,,56149,,0.03789407014846802
0,0.0005000000237487257,56199,0.18863721191883087,
0,,56199,,0.14249683916568756
0,0.0005000000237487257,56249,0.03144353628158569,
0,,56249,,0.035312775522470474
0,0.0005000000237487257,56299,0.11880960315465927,
0,,56299,,0.11790051311254501
0,0.0005000000237487257,56349,0.24797482788562775,
0,,56349,,0.27371490001678467
0,0.0005000000237487257,56399,0.032400961965322495,
0,,56399,,0.030718950554728508
0,0.0005000000237487257,56449,0.11079085618257523,
0,,56449,,0.2000810205936432
0,0.0005000000237487257,56499,0.02898205630481243,
0,,56499,,0.030905714258551598
0,0.0005000000237487257,56549,0.1600387543439865,
0,,56549,,0.1087413877248764
0,0.0005000000237487257,56599,0.042504843324422836,
0,,56599,,0.04482905939221382
0,0.0005000000237487257,56649,0.03486689552664757,
0,,56649,,0.03221182897686958
0,0.0005000000237487257,56699,0.8410333395004272,
0,,56699,,0.5791455507278442
0,0.0005000000237487257,56749,0.14664451777935028,
0,,56749,,0.17461121082305908
0,0.0005000000237487257,56799,0.03272922337055206,
0,,56799,,0.03527751937508583
0,0.0005000000237487257,56849,0.21449322998523712,
0,,56849,,0.22957994043827057
0,0.0005000000237487257,56899,0.031054692342877388,
0,,56899,,0.030850201845169067
0,0.0005000000237487257,56949,0.9143100380897522,
0,,56949,,0.9295874834060669
0,0.0005000000237487257,56999,0.08144960552453995,
0,,56999,,0.0783180519938469
0,0.0005000000237487257,57049,0.028851371258497238,
0,,57049,,0.029281750321388245
0,0.0005000000237487257,57099,0.19426089525222778,
0,,57099,,0.2349955290555954
0,0.0005000000237487257,57149,0.03980139642953873,
0,,57149,,0.040090568363666534
0,0.0005000000237487257,57199,0.0978994220495224,
0,,57199,,0.10878750681877136
0,0.0005000000237487257,57249,0.04501917213201523,
0,,57249,,0.048044923692941666
0,0.0005000000237487257,57299,0.29994499683380127,
0,,57299,,0.28638356924057007
0,0.0005000000237487257,57349,0.026960961520671844,
0,,57349,,0.027845194563269615
0,0.0005000000237487257,57399,0.10953005403280258,
0,,57399,,0.11127033829689026
0,0.0005000000237487257,57449,0.0783679187297821,
0,,57449,,0.0685032308101654
0,0.0005000000237487257,57499,0.08019428700208664,
0,,57499,,0.08227358013391495
0,0.0005000000237487257,57549,0.377324640750885,
0,,57549,,0.2857196033000946
0,0.0005000000237487257,57599,0.028042493388056755,
0,,57599,,0.031722284853458405
0,0.0005000000237487257,57649,0.3868766129016876,
0,,57649,,0.3556719720363617
0,0.0005000000237487257,57699,0.031616926193237305,
0,,57699,,0.03141520917415619
0,0.0005000000237487257,57749,0.05561291426420212,
0,,57749,,0.07191628217697144
0,0.0005000000237487257,57799,1.399233102798462,
0,,57799,,1.3569058179855347
0,0.0005000000237487257,57849,0.03780251368880272,
0,,57849,,0.04036895930767059
0,0.0005000000237487257,57899,0.032309941947460175,
0,,57899,,0.03351622819900513
0,0.0005000000237487257,57949,0.07387835532426834,
0,,57949,,0.08530909568071365
0,0.0005000000237487257,57999,0.06855526566505432,
0,,57999,,0.06548658758401871
0,0.0005000000237487257,58049,0.048047374933958054,
0,,58049,,0.06564487516880035
0,0.0005000000237487257,58099,0.0680059939622879,
0,,58099,,0.05730903148651123
0,0.0005000000237487257,58149,0.8875975012779236,
0,,58149,,1.1015040874481201
0,0.0005000000237487257,58199,0.04149909317493439,
0,,58199,,0.04664035886526108
0,0.0005000000237487257,58249,0.03050692193210125,
0,,58249,,0.037427280098199844
0,0.0005000000237487257,58299,0.030166631564497948,
0,,58299,,0.03201744332909584
0,0.0005000000237487257,58349,0.0606011226773262,
0,,58349,,0.10830128937959671
0,0.0005000000237487257,58399,0.2813524305820465,
0,,58399,,0.386557400226593
0,0.0005000000237487257,58449,0.02891646698117256,
0,,58449,,0.028317203745245934
0,0.0005000000237487257,58499,0.028035147115588188,
0,,58499,,0.028153443709015846
0,0.0005000000237487257,58549,0.11057502776384354,
0,,58549,,0.10140705108642578
0,0.0005000000237487257,58599,0.20827727019786835,
0,,58599,,0.23229800164699554
0,0.0005000000237487257,58649,0.03275042772293091,
0,,58649,,0.033206213265657425
0,0.0005000000237487257,58699,0.052403077483177185,
0,,58699,,0.0822594165802002
0,0.0005000000237487257,58749,0.07423483580350876,
0,,58749,,0.09878350794315338
0,0.0005000000237487257,58799,0.07747884839773178,
0,,58799,,0.09695252031087875
0,0.0005000000237487257,58849,0.030804511159658432,
0,,58849,,0.03251742944121361
0,0.0005000000237487257,58899,0.04953090101480484,
0,,58899,,0.059955425560474396
0,0.0005000000237487257,58949,0.5092854499816895,
0,,58949,,0.5483413338661194
0,0.0005000000237487257,58999,0.06986190378665924,
0,,58999,,0.07270344346761703
0,0.0005000000237487257,59049,0.07791823893785477,
0,,59049,,0.07699974626302719
0,0.0005000000237487257,59099,0.08454661816358566,
0,,59099,,0.05625152215361595
0,0.0005000000237487257,59149,0.10578306019306183,
0,,59149,,0.1054622158408165
0,0.0005000000237487257,59199,0.0333707369863987,
0,,59199,,0.03521561995148659
0,0.0005000000237487257,59249,0.04631904512643814,
0,,59249,,0.059816475957632065
0,0.0005000000237487257,59299,0.040387388318777084,
0,,59299,,0.03455628454685211
0,0.0005000000237487257,59349,0.15253746509552002,
0,,59349,,0.1934373378753662
0,0.0005000000237487257,59399,0.042453326284885406,
0,,59399,,0.045567747205495834
0,0.0005000000237487257,59449,0.597385585308075,
0,,59449,,0.8109921813011169
0,0.0005000000237487257,59499,0.027802441269159317,
0,,59499,,0.030333826318383217
0,0.0005000000237487257,59549,0.026006774976849556,
0,,59549,,0.026694130152463913
0,0.0005000000237487257,59599,0.06802196055650711,
0,,59599,,0.07700759172439575
0,0.0005000000237487257,59649,0.06748373806476593,
0,,59649,,0.032837770879268646
0,0.0005000000237487257,59699,0.027463335543870926,
0,,59699,,0.02844889461994171
0,0.0005000000237487257,59749,0.11131422221660614,
0,,59749,,0.12807397544384003
0,0.0005000000237487257,59799,0.24860525131225586,
0,,59799,,0.31872111558914185
0,0.0005000000237487257,59849,0.03136059269309044,
0,,59849,,0.03282622620463371
0,0.0005000000237487257,59899,0.3727710545063019,
0,,59899,,0.3066859841346741
0,0.0005000000237487257,59949,0.024658512324094772,
0,,59949,,0.02500135637819767
0,0.0005000000237487257,59999,0.06336820125579834,
0,,59999,,0.08598173409700394
0,0.0005000000237487257,60049,0.034628547728061676,
0,,60049,,0.03129933029413223
0,0.0005000000237487257,60099,0.27712318301200867,
0,,60099,,0.1790265142917633
0,0.0005000000237487257,60149,0.1241641715168953,
0,,60149,,0.13233354687690735
0,0.0005000000237487257,60199,0.5048110485076904,
0,,60199,,0.4140494763851166
0,0.0005000000237487257,60249,0.4304232895374298,
0,,60249,,0.39019882678985596
0,0.0005000000237487257,60299,0.044507481157779694,
0,,60299,,0.043702833354473114
0,0.0005000000237487257,60349,0.02790050581097603,
0,,60349,,0.028907911852002144
0,0.0005000000237487257,60399,0.16384658217430115,
0,,60399,,0.23971602320671082
0,0.0005000000237487257,60449,0.2680276036262512,
0,,60449,,0.1978360265493393
0,0.0005000000237487257,60499,0.025466768071055412,
0,,60499,,0.026112094521522522
0,0.0005000000237487257,60549,0.6443727016448975,
0,,60549,,1.0309269428253174
0,0.0005000000237487257,60599,0.030677197501063347,
0,,60599,,0.026980023831129074
0,0.0005000000237487257,60649,0.5671327710151672,
0,,60649,,0.6721715331077576
0,0.0005000000237487257,60699,0.028377855196595192,
0,,60699,,0.026910830289125443
0,0.0005000000237487257,60749,0.02499094046652317,
0,,60749,,0.025252286344766617
0,0.0005000000237487257,60799,0.09661423414945602,
0,,60799,,0.1031162217259407
0,0.0005000000237487257,60849,0.12354861944913864,
0,,60849,,0.1069510355591774
0,0.0005000000237487257,60899,0.029665637761354446,
0,,60899,,0.03066311590373516
0,0.0005000000237487257,60949,0.026151902973651886,
0,,60949,,0.0307820662856102
0,0.0005000000237487257,60999,0.1206987202167511,
0,,60999,,0.12538109719753265
0,0.0005000000237487257,61049,0.12666819989681244,
0,,61049,,0.1541324257850647
0,0.0005000000237487257,61099,0.1607428342103958,
0,,61099,,0.09934864938259125
0,0.0005000000237487257,61149,0.15754535794258118,
0,,61149,,0.14467142522335052
0,0.0005000000237487257,61199,0.2806176245212555,
0,,61199,,0.22166277468204498
0,0.0005000000237487257,61249,0.2769697308540344,
0,,61249,,0.26725268363952637
0,0.0005000000237487257,61299,0.02865131013095379,
0,,61299,,0.02788294106721878
0,0.0005000000237487257,61349,0.5506396889686584,
0,,61349,,0.3479503095149994
0,0.0005000000237487257,61399,0.024229746311903,
0,,61399,,0.025750936940312386
0,0.0005000000237487257,61449,0.02658064104616642,
0,,61449,,0.028105463832616806
0,0.0005000000237487257,61499,0.10581699013710022,
0,,61499,,0.11937416344881058
0,0.0005000000237487257,61549,0.03779686987400055,
0,,61549,,0.037176039069890976
0,0.0005000000237487257,61599,0.07783747464418411,
0,,61599,,0.0848270133137703
0,0.0005000000237487257,61649,0.0999700278043747,
0,,61649,,0.10778909176588058
0,0.0005000000237487257,61699,0.09801671653985977,
0,,61699,,0.06794188171625137
0,0.0005000000237487257,61749,0.775158166885376,
0,,61749,,0.6835561394691467
0,0.0005000000237487257,61799,0.06039990857243538,
0,,61799,,0.0697471871972084
0,0.0005000000237487257,61849,0.036752745509147644,
0,,61849,,0.034483518451452255
0,0.0005000000237487257,61899,0.25394997000694275,
0,,61899,,0.16405873000621796
0,0.0005000000237487257,61949,0.042284008115530014,
0,,61949,,0.03760601952672005
0,0.0005000000237487257,61999,0.38281962275505066,
0,,61999,,0.23589211702346802
0,0.0005000000237487257,62049,0.049606867134571075,
0,,62049,,0.05252429470419884
0,0.0005000000237487257,62099,0.08857614547014236,
0,,62099,,0.07798443734645844
0,0.0005000000237487257,62149,0.04868493974208832,
0,,62149,,0.042137328535318375
0,0.0005000000237487257,62199,0.34708598256111145,
0,,62199,,0.41602256894111633
0,0.0005000000237487257,62249,0.02588641457259655,
0,,62249,,0.028173130005598068
0,0.0005000000237487257,62299,0.057113293558359146,
0,,62299,,0.06871090829372406
0,0.0005000000237487257,62349,0.07348016649484634,
0,,62349,,0.05775411054491997
0,0.0005000000237487257,62399,0.3581300377845764,
0,,62399,,0.4228908121585846
0,0.0005000000237487257,62449,0.023767201229929924,
0,,62449,,0.025675170123577118
0,0.0005000000237487257,62499,0.02802536077797413,
0,,62499,,0.029277978464961052
0,0.0005000000237487257,62549,0.31813016533851624,
0,,62549,,0.16563275456428528
0,0.0005000000237487257,62599,0.4033459722995758,
0,,62599,,0.40611717104911804
0,0.0005000000237487257,62649,0.035647597163915634,
0,,62649,,0.03829954192042351
0,0.0005000000237487257,62699,0.05344162881374359,
0,,62699,,0.04693654924631119
0,0.0005000000237487257,62749,0.083729088306427,
0,,62749,,0.04871664196252823
0,0.0005000000237487257,62799,1.3127398490905762,
0,,62799,,1.2427424192428589
0,0.0005000000237487257,62849,0.027671005576848984,
0,,62849,,0.025072941556572914
0,0.0005000000237487257,62899,0.11078331619501114,
0,,62899,,0.10929634422063828
0,0.0005000000237487257,62949,0.04002248868346214,
0,,62949,,0.04292569309473038
0,0.0005000000237487257,62999,0.1093888208270073,
0,,62999,,0.110724076628685
0,0.0005000000237487257,63049,0.034242190420627594,
0,,63049,,0.03369741141796112
0,0.0005000000237487257,63099,0.05491127073764801,
0,,63099,,0.05227355659008026
0,0.0005000000237487257,63149,0.10242106765508652,
0,,63149,,0.11034160852432251
0,0.0005000000237487257,63199,1.0178618431091309,
0,,63199,,0.6608403325080872
0,0.0005000000237487257,63249,0.02543707937002182,
0,,63249,,0.023384148254990578
0,0.0005000000237487257,63299,0.26814940571784973,
0,,63299,,0.37885600328445435
0,0.0005000000237487257,63349,0.02795654721558094,
0,,63349,,0.02627970091998577
0,0.0005000000237487257,63399,0.0793079137802124,
0,,63399,,0.025190195068717003
0,0.0005000000237487257,63449,0.023535842075943947,
0,,63449,,0.024487905204296112
0,0.0005000000237487257,63499,0.6292738914489746,
0,,63499,,0.6875137686729431
0,0.0005000000237487257,63549,0.0278594009578228,
0,,63549,,0.026723239570856094
0,0.0005000000237487257,63599,1.621056079864502,
0,,63599,,1.2870150804519653
0,0.0005000000237487257,63649,0.02601855807006359,
0,,63649,,0.02511129155755043
0,0.0005000000237487257,63699,0.022501416504383087,
0,,63699,,0.021986840292811394
0,0.0005000000237487257,63749,0.2803556025028229,
0,,63749,,0.23934316635131836
0,0.0005000000237487257,63799,0.025527963414788246,
0,,63799,,0.024837052449584007
0,0.0005000000237487257,63849,0.14198724925518036,
0,,63849,,0.17454665899276733
0,0.0005000000237487257,63899,0.08952035009860992,
0,,63899,,0.11507594585418701
0,0.0005000000237487257,63949,0.03535175323486328,
0,,63949,,0.03987354412674904
0,0.0005000000237487257,63999,0.18053382635116577,
0,,63999,,0.133510023355484
0,0.0005000000237487257,64049,0.0361761637032032,
0,,64049,,0.039383068680763245
0,0.0005000000237487257,64099,0.028042344376444817,
0,,64099,,0.030466871336102486
0,0.0005000000237487257,64149,0.10599392652511597,
0,,64149,,0.1225016638636589
0,0.0005000000237487257,64199,0.021587766706943512,
0,,64199,,0.021630514413118362
0,0.0005000000237487257,64249,0.3237496614456177,
0,,64249,,0.2972662150859833
0,0.0005000000237487257,64299,0.04480568319559097,
0,,64299,,0.04166444018483162
0,0.0005000000237487257,64349,0.026121238246560097,
0,,64349,,0.027031350880861282
0,0.0005000000237487257,64399,0.07109378278255463,
0,,64399,,0.07445191591978073
0,0.0005000000237487257,64449,0.10914047062397003,
0,,64449,,0.09418874233961105
0,0.0005000000237487257,64499,0.02276098169386387,
0,,64499,,0.024220293387770653
0,0.0005000000237487257,64549,0.030386202037334442,
0,,64549,,0.024508919566869736
0,0.0005000000237487257,64599,0.789977490901947,
0,,64599,,0.7442640662193298
0,0.0005000000237487257,64649,0.022627083584666252,
0,,64649,,0.023180220276117325
0,0.0005000000237487257,64699,0.1329144835472107,
0,,64699,,0.21540915966033936
0,0.0005000000237487257,64749,0.2747134864330292,
0,,64749,,0.22808809578418732
0,0.0005000000237487257,64799,0.0924774780869484,
0,,64799,,0.1066388338804245
0,0.0005000000237487257,64849,0.11513301730155945,
0,,64849,,0.11456670612096786
0,0.0005000000237487257,64899,0.4303213357925415,
0,,64899,,0.38338086009025574
0,0.0005000000237487257,64949,0.02651480957865715,
0,,64949,,0.02701602503657341
0,0.0005000000237487257,64999,0.2090393602848053,
0,,64999,,0.32055890560150146
0,0.0005000000237487257,65049,0.025587094947695732,
0,,65049,,0.026239998638629913
0,0.0005000000237487257,65099,0.14498038589954376,
0,,65099,,0.11067946255207062
0,0.0005000000237487257,65149,0.08244925737380981,
0,,65149,,0.10300745069980621
0,0.0005000000237487257,65199,0.03906448185443878,
0,,65199,,0.04050473868846893
0,0.0005000000237487257,65249,0.020581301301717758,
0,,65249,,0.020885799080133438
0,0.0005000000237487257,65299,0.4217085540294647,
0,,65299,,0.31573760509490967
0,0.0005000000237487257,65349,0.022735336795449257,
0,,65349,,0.022211192175745964
0,0.0005000000237487257,65399,0.3008277714252472,
0,,65399,,0.4188920855522156
0,0.0005000000237487257,65449,0.023812158033251762,
0,,65449,,0.0232178196310997
0,0.0005000000237487257,65499,0.09058792889118195,
0,,65499,,0.11118923127651215
0,0.0005000000237487257,65549,0.038513895124197006,
0,,65549,,0.03419320657849312
0,0.0005000000237487257,65599,0.13355840742588043,
0,,65599,,0.18570072948932648
0,0.0005000000237487257,65649,0.03993823751807213,
0,,65649,,0.037011731415987015
0,0.0005000000237487257,65699,0.12261463701725006,
0,,65699,,0.1332380175590515
0,0.0005000000237487257,65749,0.025795413181185722,
0,,65749,,0.027137894183397293
0,0.0005000000237487257,65799,0.07042622566223145,
0,,65799,,0.09702698886394501
0,0.0005000000237487257,65849,0.3141371011734009,
0,,65849,,0.3700476586818695
0,0.0005000000237487257,65899,0.04501988738775253,
0,,65899,,0.047569889575242996
0,0.0005000000237487257,65949,0.03244677186012268,
0,,65949,,0.02733641117811203
0,0.0005000000237487257,65999,0.10752799361944199,
0,,65999,,0.09436025470495224
0,0.0005000000237487257,66049,0.06993384659290314,
0,,66049,,0.07922373712062836
0,0.0005000000237487257,66099,0.04207645356655121,
0,,66099,,0.043667327612638474
0,0.0005000000237487257,66149,0.062001585960388184,
0,,66149,,0.09424047917127609
0,0.0005000000237487257,66199,0.022734742611646652,
0,,66199,,0.023480292409658432
0,0.0002500000118743628,66249,0.020488034933805466,
0,,66249,,0.020306091755628586
0,0.0002500000118743628,66299,0.019872896373271942,
0,,66299,,0.01983708329498768
0,0.0002500000118743628,66349,0.019623074680566788,
0,,66349,,0.019786015152931213
0,0.0002500000118743628,66399,0.019322101026773453,
0,,66399,,0.019727755337953568
0,0.0002500000118743628,66449,0.019418133422732353,
0,,66449,,0.019696878269314766
0,0.0002500000118743628,66499,0.01943209581077099,
0,,66499,,0.01964719407260418
0,0.0002500000118743628,66549,0.019273264333605766,
0,,66549,,0.019636640325188637
0,0.0002500000118743628,66599,0.01900016888976097,
0,,66599,,0.019584083929657936
0,0.0002500000118743628,66649,0.01953047886490822,
0,,66649,,0.019581442698836327
0,0.0002500000118743628,66699,0.019596505910158157,
0,,66699,,0.019576486200094223
0,0.0002500000118743628,66749,0.019324490800499916,
0,,66749,,0.019406914710998535
0,0.0002500000118743628,66799,0.019082095474004745,
0,,66799,,0.019484862685203552
0,0.0002500000118743628,66849,0.019542312249541283,
0,,66849,,0.019319655373692513
0,0.0002500000118743628,66899,0.019733039662241936,
0,,66899,,0.019297000020742416
0,0.0002500000118743628,66949,0.019541924819350243,
0,,66949,,0.019306249916553497
0,0.0002500000118743628,66999,0.018841169774532318,
0,,66999,,0.01921762339770794
0,0.0002500000118743628,67049,0.019084392115473747,
0,,67049,,0.019201528280973434
0,0.0002500000118743628,67099,0.018862728029489517,
0,,67099,,0.019120635464787483
0,0.0002500000118743628,67149,0.018871383741497993,
0,,67149,,0.01899220608174801
0,0.0002500000118743628,67199,0.018476471304893494,
0,,67199,,0.0189837459474802
0,0.0002500000118743628,67249,0.019044730812311172,
0,,67249,,0.01899045705795288
0,0.0002500000118743628,67299,0.018681662157177925,
0,,67299,,0.01914398744702339
0,0.0002500000118743628,67349,0.019176345318555832,
0,,67349,,0.018872009590268135
0,0.0002500000118743628,67399,0.018389107659459114,
0,,67399,,0.0187523290514946
0,0.0002500000118743628,67449,0.02244649827480316,
0,,67449,,0.022437863051891327
0,0.0002500000118743628,67499,0.019057273864746094,
0,,67499,,0.01941312476992607
0,0.0002500000118743628,67549,0.018304908648133278,
0,,67549,,0.01905670575797558
0,0.0002500000118743628,67599,0.19535669684410095,
0,,67599,,0.13250789046287537
0,0.0002500000118743628,67649,0.019720980897545815,
0,,67649,,0.019261566922068596
0,0.0002500000118743628,67699,0.02351824752986431,
0,,67699,,0.025206279009580612
0,0.0002500000118743628,67749,0.02045673504471779,
0,,67749,,0.020527180284261703
0,0.0002500000118743628,67799,0.02765096351504326,
0,,67799,,0.04056403040885925
0,0.0002500000118743628,67849,0.01854829117655754,
0,,67849,,0.018947783857584
0,0.0002500000118743628,67899,0.028711244463920593,
0,,67899,,0.024115461856126785
0,0.0002500000118743628,67949,0.07074421644210815,
0,,67949,,0.0735524520277977
0,0.0002500000118743628,67999,0.03956928849220276,
0,,67999,,0.04074316844344139
0,0.0002500000118743628,68049,0.028190990909934044,
0,,68049,,0.026454618200659752
0,0.0002500000118743628,68099,0.02028978057205677,
0,,68099,,0.02414972335100174
0,0.0002500000118743628,68149,0.01938045211136341,
0,,68149,,0.02200702205300331
0,0.0002500000118743628,68199,0.0812239944934845,
0,,68199,,0.05383436381816864
0,0.0002500000118743628,68249,0.029496198520064354,
0,,68249,,0.031791333109140396
0,0.0002500000118743628,68299,0.023472227156162262,
0,,68299,,0.02278907410800457
0,0.0002500000118743628,68349,0.023251835256814957,
0,,68349,,0.03763257712125778
0,0.0002500000118743628,68399,0.017949726432561874,
0,,68399,,0.018184583634138107
0,0.0002500000118743628,68449,0.03301456198096275,
0,,68449,,0.03635779023170471
0,0.0002500000118743628,68499,0.01763889379799366,
0,,68499,,0.01831134967505932
0,0.0002500000118743628,68549,0.03417789936065674,
0,,68549,,0.0401916578412056
0,0.0002500000118743628,68599,0.01951555907726288,
0,,68599,,0.02014900930225849
0,0.0002500000118743628,68649,0.02241704799234867,
0,,68649,,0.025668354704976082
0,0.0002500000118743628,68699,0.05378810316324234,
0,,68699,,0.0658646821975708
0,0.0002500000118743628,68749,0.01838555932044983,
0,,68749,,0.01943764090538025
0,0.0002500000118743628,68799,0.02034057304263115,
0,,68799,,0.020938778296113014
0,0.0002500000118743628,68849,0.0323055274784565,
0,,68849,,0.03254122659564018
0,0.0002500000118743628,68899,0.040948331356048584,
0,,68899,,0.04100436717271805
0,0.0002500000118743628,68949,0.03658933565020561,
0,,68949,,0.031775686889886856
0,0.0002500000118743628,68999,0.028960460796952248,
0,,68999,,0.02953120693564415
0,0.0002500000118743628,69049,0.04465648531913757,
0,,69049,,0.04932526871562004
0,0.0002500000118743628,69099,0.01880292408168316,
0,,69099,,0.018598634749650955
0,0.0002500000118743628,69149,0.12852546572685242,
0,,69149,,0.11564158648252487
0,0.0002500000118743628,69199,0.07502672076225281,
0,,69199,,0.0708315297961235
0,0.0002500000118743628,69249,0.0189785435795784,
0,,69249,,0.01892656646668911
0,0.0002500000118743628,69299,0.0318102203309536,
0,,69299,,0.023744096979498863
0,0.0002500000118743628,69349,0.03808548301458359,
0,,69349,,0.03812096267938614
0,0.0002500000118743628,69399,0.018899088725447655,
0,,69399,,0.02308613620698452
0,0.0002500000118743628,69449,0.01904430240392685,
0,,69449,,0.018774762749671936
0,0.0002500000118743628,69499,0.0598466731607914,
0,,69499,,0.0750204548239708
0,0.0002500000118743628,69549,0.09398415684700012,
0,,69549,,0.06910602748394012
0,0.0002500000118743628,69599,0.018841037526726723,
0,,69599,,0.01855398155748844
0,0.0002500000118743628,69649,0.03204360231757164,
0,,69649,,0.0231655053794384
0,0.0002500000118743628,69699,0.12275221198797226,
0,,69699,,0.13120880722999573
0,0.0002500000118743628,69749,0.02082137018442154,
0,,69749,,0.021571652963757515
0,0.0002500000118743628,69799,0.03474344685673714,
0,,69799,,0.03197250887751579
0,0.0002500000118743628,69849,0.027681905776262283,
0,,69849,,0.023198701441287994
0,0.0002500000118743628,69899,0.01745087094604969,
0,,69899,,0.0174447912722826
0,0.0002500000118743628,69949,0.06958412379026413,
0,,69949,,0.07198311388492584
0,0.0002500000118743628,69999,0.04248690605163574,
0,,69999,,0.04306424409151077
0,0.0002500000118743628,70049,0.04845089092850685,
0,,70049,,0.05530216172337532
0,0.0002500000118743628,70099,0.01923445425927639,
0,,70099,,0.018766768276691437
0,0.0002500000118743628,70149,0.036529067903757095,
0,,70149,,0.038225721567869186
0,0.0002500000118743628,70199,0.14921098947525024,
0,,70199,,0.14460954070091248
0,0.0002500000118743628,70249,0.024379676207900047,
0,,70249,,0.025450140237808228
0,0.0002500000118743628,70299,0.030537450686097145,
0,,70299,,0.026539118960499763
0,0.0002500000118743628,70349,0.0184823926538229,
0,,70349,,0.01781335100531578
0,0.0002500000118743628,70399,0.10478630661964417,
0,,70399,,0.11396045237779617
0,0.0002500000118743628,70449,0.02691412717103958,
0,,70449,,0.02062910608947277
0,0.0002500000118743628,70499,0.027436235919594765,
0,,70499,,0.028888888657093048
0,0.0002500000118743628,70549,0.03742673248052597,
0,,70549,,0.03948305547237396
0,0.0002500000118743628,70599,0.03084859438240528,
0,,70599,,0.036982160061597824
0,0.0002500000118743628,70649,0.02354646660387516,
0,,70649,,0.021032216027379036
0,0.0002500000118743628,70699,0.023860841989517212,
0,,70699,,0.024985790252685547
0,0.0002500000118743628,70749,0.016946833580732346,
0,,70749,,0.0184194166213274
0,0.0002500000118743628,70799,0.0859280526638031,
0,,70799,,0.038882117718458176
0,0.0002500000118743628,70849,0.018628530204296112,
0,,70849,,0.018420809879899025
0,0.0002500000118743628,70899,0.044694360345602036,
0,,70899,,0.03888658061623573
0,0.0002500000118743628,70949,0.019131803885102272,
0,,70949,,0.02055947296321392
0,0.0002500000118743628,70999,0.01845415122807026,
0,,70999,,0.017641577869653702
0,0.0002500000118743628,71049,0.022096950560808182,
0,,71049,,0.03229483589529991
0,0.0002500000118743628,71099,0.03048565424978733,
0,,71099,,0.035253215581178665
0,0.0002500000118743628,71149,0.02089870721101761,
0,,71149,,0.02317197062075138
0,0.0002500000118743628,71199,0.03390469402074814,
0,,71199,,0.03751897066831589
0,0.0002500000118743628,71249,0.020895466208457947,
0,,71249,,0.021471146494150162
0,0.0002500000118743628,71299,0.029047472402453423,
0,,71299,,0.03170299157500267
0,0.0002500000118743628,71349,0.10720906406641006,
0,,71349,,0.10700630396604538
0,0.0002500000118743628,71399,0.032896656543016434,
0,,71399,,0.03574676066637039
0,0.0002500000118743628,71449,0.03783077001571655,
0,,71449,,0.04526583105325699
0,0.0002500000118743628,71499,0.02469164878129959,
0,,71499,,0.02647552639245987
0,0.0002500000118743628,71549,0.016689332202076912,
0,,71549,,0.016542457044124603
0,0.0002500000118743628,71599,0.03805769234895706,
0,,71599,,0.046980421990156174
0,0.0002500000118743628,71649,0.018926823511719704,
0,,71649,,0.021917950361967087
0,0.0002500000118743628,71699,0.019058918580412865,
0,,71699,,0.018992438912391663
0,0.0002500000118743628,71749,0.045051854103803635,
0,,71749,,0.04737366735935211
0,0.0002500000118743628,71799,0.01681269146502018,
0,,71799,,0.017163433134555817
0,0.0002500000118743628,71849,0.018731869757175446,
0,,71849,,0.016998473554849625
0,0.0002500000118743628,71899,0.018837859854102135,
0,,71899,,0.019383050501346588
0,0.0002500000118743628,71949,0.020061826333403587,
0,,71949,,0.023396078497171402
0,0.0002500000118743628,71999,0.017221910879015923,
0,,71999,,0.01683531515300274
0,0.0002500000118743628,72049,0.0166607853025198,
0,,72049,,0.017650550231337547
0,0.0002500000118743628,72099,0.021118540316820145,
0,,72099,,0.02222626283764839
0,0.0002500000118743628,72149,0.02279016561806202,
0,,72149,,0.020961197093129158
0,0.0002500000118743628,72199,0.040280964225530624,
0,,72199,,0.03743995353579521
0,0.0002500000118743628,72249,0.017383256927132607,
0,,72249,,0.017164669930934906
0,0.0002500000118743628,72299,0.04700365290045738,
0,,72299,,0.05206231027841568
0,0.0002500000118743628,72349,0.017770109698176384,
0,,72349,,0.019551385194063187
0,0.0002500000118743628,72399,0.03369525447487831,
0,,72399,,0.03649671748280525
0,0.0002500000118743628,72449,0.017983615398406982,
0,,72449,,0.01896839030086994
0,0.0002500000118743628,72499,0.02131468616425991,
0,,72499,,0.025816239416599274
0,0.0002500000118743628,72549,0.03447889909148216,
0,,72549,,0.02364620380103588
0,0.0002500000118743628,72599,0.08242689073085785,
0,,72599,,0.09050896018743515
0,0.0002500000118743628,72649,0.07729393243789673,
0,,72649,,0.06281424313783646
0,0.000124995072837919,72699,0.016824038699269295,
0,,72699,,0.015637191012501717
0,0.0001248684129677713,72749,0.015524995513260365,
0,,72749,,0.015554391779005527
0,0.00012457095726858824,72799,0.015377819538116455,
0,,72799,,0.015539978630840778
0,0.00012410350609570742,72849,0.01556417066603899,
0,,72849,,0.015550544485449791
0,0.0001234673400176689,72899,0.015359479933977127,
0,,72899,,0.015495489351451397
0,0.00012266419071238488,72949,0.015315026044845581,
0,,72949,,0.01550103910267353
0,0.0001216962918988429,72999,0.015498978085815907,
0,,72999,,0.015464180149137974
0,0.00012056626292178407,73049,0.015343875624239445,
0,,73049,,0.015462844632565975
0,0.00011927722516702488,73099,0.015376878902316093,
0,,73099,,0.015441683121025562
0,0.00011783269292209297,73149,0.015394501388072968,
0,,73149,,0.015386860817670822
0,0.0001162366388598457,73199,0.015201828442513943,
0,,73199,,0.015379777178168297
0,0.00011449343583080918,73249,0.01533188670873642,
0,,73249,,0.015336593613028526
0,0.00011260785686317831,73299,0.015281599946320057,
0,,73299,,0.015370730310678482
0,0.00011058507516281679,73349,0.015100251883268356,
0,,73349,,0.015321841463446617
0,0.00010843062773346901,73399,0.015015387907624245,
0,,73399,,0.015279067680239677
0,0.0001061504299286753,73449,0.015183293260633945,
0,,73449,,0.015330458991229534
0,0.00010375072452006862,73499,0.01498128566890955,
0,,73499,,0.015256062150001526
0,0.0001012380889733322,73549,0.015144681558012962,
0,,73549,,0.015248839743435383
0,9.861941362032667e-05,73599,0.01514510903507471,
0,,73599,,0.015246925875544548
0,9.590187255525962e-05,73649,0.01503229234367609,
0,,73649,,0.015196012333035469
0,9.309292363468558e-05,73699,0.015170627273619175,
0,,73699,,0.015191752463579178
0,9.020025026984513e-05,73749,0.014952384866774082,
0,,73749,,0.015140380710363388
0,8.723179053049535e-05,73799,0.0148539487272501,
0,,73799,,0.015119494870305061
0,8.41956862132065e-05,73849,0.015085365623235703,
0,,73849,,0.015071802772581577
0,8.110024646157399e-05,73899,0.015014953911304474,
0,,73899,,0.015146187506616116
0,7.795396231813356e-05,73949,0.014936410821974277,
0,,73949,,0.015060687437653542
0,7.476545579265803e-05,73999,0.014935264363884926,
0,,73999,,0.015025470405817032
0,7.154347258619964e-05,74049,0.015117141418159008,
0,,74049,,0.015034351497888565
0,6.82968384353444e-05,74099,0.014766138978302479,
0,,74099,,0.01502078864723444
0,6.503445183625445e-05,74149,0.014725448563694954,
0,,74149,,0.014982988126575947
0,6.176524766488001e-05,74199,0.01480105984956026,
0,,74199,,0.014934695325791836
0,5.849820445291698e-05,74249,0.014913991093635559,
0,,74249,,0.01492300909012556
0,5.5242264352273196e-05,74299,0.015025010332465172,
0,,74299,,0.01501445285975933
0,5.200635132496245e-05,74349,0.01494305394589901,
0,,74349,,0.01489704567939043
0,4.8799338401295245e-05,74399,0.01464536227285862,
0,,74399,,0.014883344061672688
0,4.5630018576048315e-05,74449,0.014754765667021275,
0,,74449,,0.014885938726365566
0,4.250707206665538e-05,74499,0.014881116338074207,
0,,74499,,0.014856143854558468
0,3.943906267522834e-05,74549,0.014475242234766483,
0,,74549,,0.014824999496340752
0,3.643439777079038e-05,74599,0.014863361604511738,
0,,74599,,0.014851074665784836
0,3.350131373736076e-05,74649,0.014662103727459908,
0,,74649,,0.014820159412920475
0,3.0647854146081954e-05,74699,0.014712114818394184,
0,,74699,,0.014787177555263042
0,2.7881831556442194e-05,74749,0.014347131364047527,
0,,74749,,0.014799488708376884
0,2.521083297324367e-05,74799,0.014580367133021355,
0,,74799,,0.014784970320761204
0,2.264217982883565e-05,74849,0.014787585474550724,
0,,74849,,0.014773733913898468
0,2.018290979322046e-05,74899,0.014612522907555103,
0,,74899,,0.014757737517356873
0,1.783976586011704e-05,74949,0.014561652205884457,
0,,74949,,0.01473969779908657
0,1.5619170881109312e-05,74999,0.015208330936729908,
0,,74999,,0.014744820073246956
0,1.3527207556762733e-05,75049,0.014666061848402023,
0,,75049,,0.014731367118656635
0,1.1569613889150787e-05,75099,0.015005036257207394,
0,,75099,,0.01472268346697092
0,9.751753168529831e-06,75149,0.015008906833827496,
0,,75149,,0.014717675745487213
0,8.07860942586558e-06,75199,0.01462110411375761,
0,,75199,,0.014715025201439857
0,6.55476742394967e-06,75249,0.014543270692229271,
0,,75249,,0.01471388153731823
0,5.184404471947346e-06,75299,0.014623637311160564,
0,,75299,,0.01470631081610918
0,3.971276782976929e-06,75349,0.014556711539626122,
0,,75349,,0.0147046884521842
0,2.918709242294426e-06,75399,0.01464895997196436,
0,,75399,,0.01470278762280941
0,2.029586994467536e-06,75449,0.014716727659106255,
0,,75449,,0.014701846987009048
0,1.306346803175984e-06,75499,0.015108897350728512,
0,,75499,,0.014700214378535748
0,7.50971366869635e-07,75549,0.014855981804430485,
0,,75549,,0.014698570594191551
0,3.6498278177532484e-07,75599,0.014699798077344894,
0,,75599,,0.014697061851620674
0,1.4943898918318155e-07,75649,0.014444752596318722,
0,,75649,,0.01469647977501154
0,1.0000000116860974e-07,75699,0.014425729401409626,
0,,75699,,0.01469660084694624
0,1.0000000116860974e-07,75749,0.014333538711071014,
0,,75749,,0.01469690166413784
0,1.0000000116860974e-07,75799,0.014949362725019455,
0,,75799,,0.014697087928652763
0,1.0000000116860974e-07,75849,0.014247192069888115,
0,,75849,,0.01469749677926302
0,1.0000000116860974e-07,75899,0.014690612442791462,
0,,75899,,0.014697199687361717
0,1.0000000116860974e-07,75949,0.014652339741587639,
0,,75949,,0.014696969650685787
0,1.0000000116860974e-07,75999,0.0147752296179533,
0,,75999,,0.014696997590363026
0,1.0000000116860974e-07,76049,0.014626339077949524,
0,,76049,,0.014696715399622917
0,1.0000000116860974e-07,76099,0.014601634815335274,
0,,76099,,0.014696857891976833
0,1.0000000116860974e-07,76149,0.014815142378211021,
0,,76149,,0.014697127975523472
0,1.0000000116860974e-07,76199,0.014435628429055214,
0,,76199,,0.014696991071105003
0,1.0000000116860974e-07,76249,0.014668780378997326,
0,,76249,,0.014697005040943623
0,1.0000000116860974e-07,76299,0.014741477556526661,
0,,76299,,0.014696910977363586
0,1.0000000116860974e-07,76349,0.014793655835092068,
0,,76349,,0.01469739992171526
0,1.0000000116860974e-07,76399,0.014695447869598866,
0,,76399,,0.014697631821036339
0,1.0000000116860974e-07,76449,0.01438390463590622,
0,,76449,,0.014697523787617683
0,1.0000000116860974e-07,76499,0.014273371547460556,
0,,76499,,0.014697279781103134
0,1.0000000116860974e-07,76549,0.014838983304798603,
0,,76549,,0.014697669073939323
0,1.0000000116860974e-07,76599,0.01464487798511982,
0,,76599,,0.014697246253490448
0,1.0000000116860974e-07,76649,0.014522806741297245,
0,,76649,,0.014697049744427204
0,1.0000000116860974e-07,76699,0.01480770017951727,
0,,76699,,0.014696781523525715
0,1.0000000116860974e-07,76749,0.014599417336285114,
0,,76749,,0.014697051607072353
0,1.0000000116860974e-07,76799,0.014480465091764927,
0,,76799,,0.01469684299081564
0,1.0000000116860974e-07,76849,0.014506182633340359,
0,,76849,,0.014696842059493065
0,1.0000000116860974e-07,76899,0.014564254321157932,
0,,76899,,0.014696006663143635
0,1.0000000116860974e-07,76949,0.014646309427917004,
0,,76949,,0.014696120284497738
0,1.0000000116860974e-07,76999,0.015005468390882015,
0,,76999,,0.014696312136948109
0,1.0000000116860974e-07,77049,0.01443113200366497,
0,,77049,,0.014696141704916954
0,1.0000000116860974e-07,77099,0.014425494708120823,
0,,77099,,0.014696549624204636
0,1.0000000116860974e-07,77149,0.014617746695876122,
0,,77149,,0.014696688391268253
0,1.0000000116860974e-07,77199,0.015086046420037746,
0,,77199,,0.014696084894239902
0,1.0000000116860974e-07,77249,0.014660623855888844,
0,,77249,,0.014695786871016026
0,1.0000000116860974e-07,77299,0.014621691778302193,
0,,77299,,0.014695958234369755
0,1.0000000116860974e-07,77349,0.014790051616728306,
0,,77349,,0.014695609919726849
0,1.0000000116860974e-07,77399,0.014451062306761742,
0,,77399,,0.01469544880092144
0,1.0000000116860974e-07,77449,0.014828418381512165,
0,,77449,,0.014696058817207813
0,1.0000000116860974e-07,77499,0.014254314824938774,
0,,77499,,0.014695752412080765
0,1.0000000116860974e-07,77549,0.014308460988104343,
0,,77549,,0.014695500023663044
0,1.0000000116860974e-07,77599,0.01452756579965353,
0,,77599,,0.014695237390697002
0,1.0000000116860974e-07,77649,0.01429208554327488,
0,,77649,,0.014695378951728344
0,1.0000000116860974e-07,77699,0.014908159151673317,
0,,77699,,0.01469618733972311
0,1.0000000116860974e-07,77749,0.014480466023087502,
0,,77749,,0.014695374295115471
0,1.0000000116860974e-07,77799,0.014508956111967564,
0,,77799,,0.014695556834340096
0,1.0000000116860974e-07,77849,0.014578612521290779,
0,,77849,,0.014695661142468452
0,1.0000000116860974e-07,77899,0.014435973949730396,
0,,77899,,0.014695153571665287
0,1.0000000116860974e-07,77949,0.014702812768518925,
0,,77949,,0.014695609919726849
0,1.0000000116860974e-07,77999,0.014735515229403973,
0,,77999,,0.014694632962346077
0,1.0000000116860974e-07,78049,0.014814568683505058,
0,,78049,,0.014694162644445896
0,1.0000000116860974e-07,78099,0.014510386623442173,
0,,78099,,0.014694673009216785
0,1.0000000116860974e-07,78149,0.014516886323690414,
0,,78149,,0.014695106074213982
0,1.0000000116860974e-07,78199,0.015049992129206657,
0,,78199,,0.014695202931761742
0,1.0000000116860974e-07,78249,0.01462706271559,
0,,78249,,0.01469456311315298
0,1.0000000116860974e-07,78299,0.014619912020862103,
0,,78299,,0.014695052057504654
0,1.0000000116860974e-07,78349,0.014461226761341095,
0,,78349,,0.014695264399051666
0,1.0000000116860974e-07,78399,0.014661427587270737,
0,,78399,,0.014694755896925926
0,1.0000000116860974e-07,78449,0.014479661360383034,
0,,78449,,0.014694798737764359
0,1.0000000116860974e-07,78499,0.014659829437732697,
0,,78499,,0.014694035984575748
0,1.0000000116860974e-07,78549,0.014578601345419884,
0,,78549,,0.014694306999444962
0,1.0000000116860974e-07,78599,0.014794779941439629,
0,,78599,,0.014693315140902996
0,1.0000000116860974e-07,78649,0.01437885221093893,
0,,78649,,0.014694626443088055
0,1.0000000116860974e-07,78699,0.014440054073929787,
0,,78699,,0.01469495240598917
0,1.0000000116860974e-07,78749,0.014765005558729172,
0,,78749,,0.014695105142891407
0,1.0000000116860974e-07,78799,0.014371453784406185,
0,,78799,,0.014694190584123135
0,1.0000000116860974e-07,78849,0.014646222814917564,
0,,78849,,0.014693757519125938
0,1.0000000116860974e-07,78899,0.014440936036407948,
0,,78899,,0.014692608267068863
0,1.0000000116860974e-07,78949,0.014421556144952774,
0,,78949,,0.01469311024993658
0,1.0000000116860974e-07,78999,0.014556026086211205,
0,,78999,,0.014692997559905052
0,1.0000000116860974e-07,79049,0.014426831156015396,
0,,79049,,0.014692339114844799
0,1.0000000116860974e-07,79099,0.014257214963436127,
0,,79099,,0.014693348668515682
0,1.0000000116860974e-07,79149,0.014971915632486343,
0,,79149,,0.014692245982587337
0,1.0000000116860974e-07,79199,0.014467990025877953,
0,,79199,,0.014692549593746662
0,1.0000000116860974e-07,79249,0.014505172148346901,
0,,79249,,0.014691784977912903
0,1.0000000116860974e-07,79299,0.014503399841487408,
0,,79299,,0.014691262505948544
0,1.0000000116860974e-07,79349,0.014250309206545353,
0,,79349,,0.014691361226141453
0,1.0000000116860974e-07,79399,0.014536860398948193,
0,,79399,,0.01469080988317728
0,1.0000000116860974e-07,79449,0.014665319584310055,
0,,79449,,0.014689982868731022
0,1.0000000116860974e-07,79499,0.014771973714232445,
0,,79499,,0.014690426178276539
0,1.0000000116860974e-07,79549,0.01468034740537405,
0,,79549,,0.01469077356159687
0,1.0000000116860974e-07,79599,0.01450273860245943,
0,,79599,,0.014690384268760681
0,1.0000000116860974e-07,79649,0.015129533596336842,
0,,79649,,0.014689738862216473
0,1.0000000116860974e-07,79699,0.014607022516429424,
0,,79699,,0.014690488576889038
0,1.0000000116860974e-07,79749,0.014573398046195507,
0,,79749,,0.014690271578729153
0,1.0000000116860974e-07,79799,0.014640419743955135,
0,,79799,,0.014690244570374489
0,1.0000000116860974e-07,79849,0.014527433551847935,
0,,79849,,0.014691057614982128
0,1.0000000116860974e-07,79899,0.014670344069600105,
0,,79899,,0.014690467156469822
0,1.0000000116860974e-07,79949,0.015020743012428284,
0,,79949,,0.014691033400595188
0,1.0000000116860974e-07,79999,0.013979285024106503,
0,,79999,,0.014690318144857883
0,1.0000000116860974e-07,80049,0.014878637157380581,
0,,80049,,0.014689101837575436
0,1.0000000116860974e-07,80099,0.014708790928125381,
0,,80099,,0.0146891875192523
0,1.0000000116860974e-07,80149,0.014595667831599712,
0,,80149,,0.014689617790281773
0,1.0000000116860974e-07,80199,0.014347785152494907,
0,,80199,,0.01468901988118887
0,1.0000000116860974e-07,80249,0.014513833448290825,
0,,80249,,0.014688348397612572
0,1.0000000116860974e-07,80299,0.014965721406042576,
0,,80299,,0.014689412899315357
0,1.0000000116860974e-07,80349,0.014668894931674004,
0,,80349,,0.014688340947031975
0,1.0000000116860974e-07,80399,0.014699658378958702,
0,,80399,,0.014688268303871155
0,1.0000000116860974e-07,80449,0.014743284322321415,
0,,80449,,0.014686984941363335
0,1.0000000116860974e-07,80499,0.014696330763399601,
0,,80499,,0.014686963520944118
0,1.0000000116860974e-07,80549,0.014690211974084377,
0,,80549,,0.014686557464301586
0,1.0000000116860974e-07,80599,0.014812680892646313,
0,,80599,,0.014688437804579735
0,1.0000000116860974e-07,80649,0.014672495424747467,
0,,80649,,0.014687592163681984
0,1.0000000116860974e-07,80699,0.014539596624672413,
0,,80699,,0.014686585403978825
0,1.0000000116860974e-07,80749,0.014445632696151733,
0,,80749,,0.014686286449432373
0,1.0000000116860974e-07,80799,0.0145088667050004,
0,,80799,,0.014684222638607025
0,1.0000000116860974e-07,80849,0.014956995844841003,
0,,80849,,0.014684740453958511
0,1.0000000116860974e-07,80899,0.01479076873511076,
0,,80899,,0.014684154652059078
0,1.0000000116860974e-07,80949,0.014722158201038837,
0,,80949,,0.014684631489217281
0,1.0000000116860974e-07,80999,0.014428505674004555,
0,,80999,,0.014684280380606651
0,1.0000000116860974e-07,81049,0.014762365259230137,
0,,81049,,0.014685433357954025
0,1.0000000116860974e-07,81099,0.014792351983487606,
0,,81099,,0.01468393299728632
0,1.0000000116860974e-07,81149,0.014556605368852615,
0,,81149,,0.014683136716485023
0,1.0000000116860974e-07,81199,0.014431986026465893,
0,,81199,,0.014683178626000881
0,1.0000000116860974e-07,81249,0.014907446689903736,
0,,81249,,0.014685014262795448
0,1.0000000116860974e-07,81299,0.014973639510571957,
0,,81299,,0.014683455228805542
0,1.0000000116860974e-07,81349,0.0142783522605896,
0,,81349,,0.014683898538351059
0,1.0000000116860974e-07,81399,0.014593718573451042,
0,,81399,,0.014685401692986488
0,1.0000000116860974e-07,81449,0.014587970450520515,
0,,81449,,0.01468317024409771
0,1.0000000116860974e-07,81499,0.015044684521853924,
0,,81499,,0.01468259934335947
0,1.0000000116860974e-07,81549,0.014805429615080357,
0,,81549,,0.014682458713650703
0,1.0000000116860974e-07,81599,0.01456917729228735,
0,,81599,,0.014681394211947918
0,1.0000000116860974e-07,81649,0.014354278333485126,
0,,81649,,0.014680503867566586
0,1.0000000116860974e-07,81699,0.01448795571923256,
0,,81699,,0.014680936932563782
0,1.0000000116860974e-07,81749,0.01470998302102089,
0,,81749,,0.01467930618673563
0,1.0000000116860974e-07,81799,0.014901871792972088,
0,,81799,,0.014679915271699429
0,1.0000000116860974e-07,81849,0.01431271992623806,
0,,81849,,0.014680184423923492
0,1.0000000116860974e-07,81899,0.014601248316466808,
0,,81899,,0.014679272659122944
0,1.0000000116860974e-07,81949,0.014587411656975746,
0,,81949,,0.014679797925055027
0,1.0000000116860974e-07,81999,0.014769228175282478,
0,,81999,,0.0146788340061903
0,1.0000000116860974e-07,82049,0.014452957548201084,
0,,82049,,0.014678627252578735
0,1.0000000116860974e-07,82099,0.014427253976464272,
0,,82099,,0.014679190702736378
0,1.0000000116860974e-07,82149,0.01467038132250309,
0,,82149,,0.014678594656288624
0,1.0000000116860974e-07,82199,0.01458047330379486,
0,,82199,,0.014677761122584343
0,1.0000000116860974e-07,82249,0.01468984317034483,
0,,82249,,0.014677491039037704
0,1.0000000116860974e-07,82299,0.014390390366315842,
0,,82299,,0.014675496146082878
0,1.0000000116860974e-07,82349,0.014441256411373615,
0,,82349,,0.014675416983664036
0,1.0000000116860974e-07,82399,0.01450181845575571,
0,,82399,,0.014674761332571507
0,1.0000000116860974e-07,82449,0.014533624053001404,
0,,82449,,0.014675544574856758
0,1.0000000116860974e-07,82499,0.014810211025178432,
0,,82499,,0.014674668200314045
0,1.0000000116860974e-07,82549,0.014657823368906975,
0,,82549,,0.014673551544547081
0,1.0000000116860974e-07,82599,0.014731359668076038,
0,,82599,,0.014673840254545212
0,1.0000000116860974e-07,82649,0.014617294073104858,
0,,82649,,0.014675038866698742
0,1.0000000116860974e-07,82699,0.014716665260493755,
0,,82699,,0.014675001613795757
0,1.0000000116860974e-07,82749,0.014608555473387241,
0,,82749,,0.0146732646971941
0,1.0000000116860974e-07,82799,0.014777601696550846,
0,,82799,,0.014672753401100636
0,1.0000000116860974e-07,82849,0.014656657353043556,
0,,82849,,0.014673061668872833
0,1.0000000116860974e-07,82899,0.014556443318724632,
0,,82899,,0.014672428369522095
0,1.0000000116860974e-07,82949,0.01452028937637806,
0,,82949,,0.014672169461846352
0,1.0000000116860974e-07,82999,0.014736644923686981,
0,,82999,,0.01467217318713665
0,1.0000000116860974e-07,83049,0.014526247046887875,
0,,83049,,0.014671925455331802
0,1.0000000116860974e-07,83099,0.01446505356580019,
0,,83099,,0.01467111799865961
0,1.0000000116860974e-07,83149,0.01493764016777277,
0,,83149,,0.014670372940599918
0,1.0000000116860974e-07,83199,0.014629343524575233,
0,,83199,,0.014670372940599918
0,1.0000000116860974e-07,83249,0.014913011342287064,
0,,83249,,0.014671089127659798
0,1.0000000116860974e-07,83299,0.014731502160429955,
0,,83299,,0.01467070821672678
0,1.0000000116860974e-07,83349,0.014455870725214481,
0,,83349,,0.014669024385511875
0,1.0000000116860974e-07,83399,0.015167951583862305,
0,,83399,,0.014668820425868034
0,1.0000000116860974e-07,83449,0.014815407805144787,
0,,83449,,0.014669082127511501
0,1.0000000116860974e-07,83499,0.014697866514325142,
0,,83499,,0.014667523093521595
0,1.0000000116860974e-07,83549,0.014654481783509254,
0,,83549,,0.014669463038444519
0,1.0000000116860974e-07,83599,0.01451325323432684,
0,,83599,,0.014667944051325321
0,1.0000000116860974e-07,83649,0.01447572186589241,
0,,83649,,0.014667085371911526
0,1.0000000116860974e-07,83699,0.01457328163087368,
0,,83699,,0.014666536822915077
0,1.0000000116860974e-07,83749,0.014539428055286407,
0,,83749,,0.0146665433421731
0,1.0000000116860974e-07,83799,0.01430201344192028,
0,,83799,,0.014666085131466389
0,1.0000000116860974e-07,83849,0.014448155649006367,
0,,83849,,0.014665176160633564
0,1.0000000116860974e-07,83899,0.014733975753188133,
0,,83899,,0.014670198783278465
0,1.0000000116860974e-07,83949,0.014212755486369133,
0,,83949,,0.014666030183434486
0,1.0000000116860974e-07,83999,0.014514339156448841,
0,,83999,,0.014664458110928535
0,1.0000000116860974e-07,84049,0.014671148732304573,
0,,84049,,0.014662827365100384
0,1.0000000116860974e-07,84099,0.014624243602156639,
0,,84099,,0.014662918634712696
0,1.0000000116860974e-07,84149,0.014809593558311462,
0,,84149,,0.014664096757769585
0,1.0000000116860974e-07,84199,0.014483639970421791,
0,,84199,,0.014663269743323326
0,1.0000000116860974e-07,84249,0.01482872013002634,
0,,84249,,0.014662637375295162
0,1.0000000116860974e-07,84299,0.014592272229492664,
0,,84299,,0.014662019908428192
0,1.0000000116860974e-07,84349,0.014588980004191399,
0,,84349,,0.014660457149147987
0,1.0000000116860974e-07,84399,0.014841300435364246,
0,,84399,,0.014661920256912708
0,1.0000000116860974e-07,84449,0.014853844419121742,
0,,84449,,0.01466052420437336
0,1.0000000116860974e-07,84499,0.014542445540428162,
0,,84499,,0.01465865969657898
0,1.0000000116860974e-07,84549,0.014329660683870316,
0,,84549,,0.0146586112678051
0,1.0000000116860974e-07,84599,0.01462416909635067,
0,,84599,,0.014659588225185871
0,1.0000000116860974e-07,84649,0.014867959544062614,
0,,84649,,0.014658937230706215
0,1.0000000116860974e-07,84699,0.014404905028641224,
0,,84699,,0.014658438041806221
0,1.0000000116860974e-07,84749,0.01427123136818409,
0,,84749,,0.014656939543783665
0,1.0000000116860974e-07,84799,0.014695769175887108,
0,,84799,,0.014658085070550442
0,1.0000000116860974e-07,84849,0.014552094973623753,
0,,84849,,0.01465800404548645
0,1.0000000116860974e-07,84899,0.014471028000116348,
0,,84899,,0.014658384956419468
0,1.0000000116860974e-07,84949,0.014630604535341263,
0,,84949,,0.014658762142062187
0,1.0000000116860974e-07,84999,0.014312231913208961,
0,,84999,,0.01465656328946352
0,1.0000000116860974e-07,85049,0.01458746287971735,
0,,85049,,0.01465605664998293
0,1.0000000116860974e-07,85099,0.014359880238771439,
0,,85099,,0.014656067825853825
0,1.0000000116860974e-07,85149,0.014893880113959312,
0,,85149,,0.01465404313057661
0,1.0000000116860974e-07,85199,0.014132755808532238,
0,,85199,,0.014654879458248615
0,1.0000000116860974e-07,85249,0.01449634600430727,
0,,85249,,0.014653283171355724
0,1.0000000116860974e-07,85299,0.014307714067399502,
0,,85299,,0.014654037542641163
0,1.0000000116860974e-07,85349,0.014607577584683895,
0,,85349,,0.014654995873570442
0,1.0000000116860974e-07,85399,0.0150420181453228,
0,,85399,,0.014652862213551998
0,1.0000000116860974e-07,85449,0.014896398410201073,
0,,85449,,0.014651283621788025
0,1.0000000116860974e-07,85499,0.014747249893844128,
0,,85499,,0.014650233089923859
0,1.0000000116860974e-07,85549,0.014293420128524303,
0,,85549,,0.01465231366455555
0,1.0000000116860974e-07,85599,0.014303130097687244,
0,,85599,,0.014649912714958191
0,1.0000000116860974e-07,85649,0.014026663266122341,
0,,85649,,0.014651760458946228
0,1.0000000116860974e-07,85699,0.014383538626134396,
0,,85699,,0.01465048361569643
0,1.0000000116860974e-07,85749,0.014788083732128143,
0,,85749,,0.014652534388005733
0,1.0000000116860974e-07,85799,0.014661082066595554,
0,,85799,,0.014649024233222008
0,1.0000000116860974e-07,85849,0.014601745642721653,
0,,85849,,0.014648991636931896
0,1.0000000116860974e-07,85899,0.014665056020021439,
0,,85899,,0.014647524803876877
0,1.0000000116860974e-07,85949,0.01491844654083252,
0,,85949,,0.014648581854999065
0,1.0000000116860974e-07,85999,0.014513843692839146,
0,,85999,,0.014648865908384323
0,1.0000000116860974e-07,86049,0.014201675541698933,
0,,86049,,0.014647253789007664
0,1.0000000116860974e-07,86099,0.014597640372812748,
0,,86099,,0.014647136442363262
0,1.0000000116860974e-07,86149,0.014227237552404404,
0,,86149,,0.01464522909373045
0,1.0000000116860974e-07,86199,0.014663766138255596,
0,,86199,,0.014646087773144245
0,1.0000000116860974e-07,86249,0.014435221441090107,
0,,86249,,0.014646749012172222
0,1.0000000116860974e-07,86299,0.014723355881869793,
0,,86299,,0.014646206051111221
0,1.0000000116860974e-07,86349,0.0143754743039608,
0,,86349,,0.014645193703472614
0,1.0000000116860974e-07,86399,0.014853710308670998,
0,,86399,,0.014643835835158825
0,1.0000000116860974e-07,86449,0.014580498449504375,
0,,86449,,0.014643221162259579
0,1.0000000116860974e-07,86499,0.014408454298973083,
0,,86499,,0.014644077979028225
0,1.0000000116860974e-07,86549,0.01478541363030672,
0,,86549,,0.014643513597548008
0,1.0000000116860974e-07,86599,0.014821955002844334,
0,,86599,,0.014644511975347996
0,1.0000000116860974e-07,86649,0.014512243680655956,
0,,86649,,0.014642667956650257
0,1.0000000116860974e-07,86699,0.01462124940007925,
0,,86699,,0.014641452580690384
0,1.0000000116860974e-07,86749,0.014766547828912735,
0,,86749,,0.014642385765910149
0,1.0000000116860974e-07,86799,0.014297431334853172,
0,,86799,,0.014639756642282009
0,1.0000000116860974e-07,86849,0.014810343272984028,
0,,86849,,0.014642254449427128
0,1.0000000116860974e-07,86899,0.014478075318038464,
0,,86899,,0.014642000198364258
0,1.0000000116860974e-07,86949,0.014545287005603313,
0,,86949,,0.014640099368989468
0,1.0000000116860974e-07,86999,0.014146510511636734,
0,,86999,,0.014641549438238144
0,1.0000000116860974e-07,87049,0.014379736967384815,
0,,87049,,0.014638002961874008
0,1.0000000116860974e-07,87099,0.014467066153883934,
0,,87099,,0.014638261869549751
0,1.0000000116860974e-07,87149,0.014586354605853558,
0,,87149,,0.014639005996286869
0,1.0000000116860974e-07,87199,0.014345785602927208,
0,,87199,,0.014636529609560966
0,1.0000000116860974e-07,87249,0.014627981930971146,
0,,87249,,0.014637491665780544
0,1.0000000116860974e-07,87299,0.014174342155456543,
0,,87299,,0.014637795276939869
0,1.0000000116860974e-07,87349,0.01474188081920147,
0,,87349,,0.014637313783168793
0,1.0000000116860974e-07,87399,0.01446768082678318,
0,,87399,,0.014637565240263939
0,1.0000000116860974e-07,87449,0.0145359942689538,
0,,87449,,0.01463744230568409
0,1.0000000116860974e-07,87499,0.014535389840602875,
0,,87499,,0.014636094681918621
0,1.0000000116860974e-07,87549,0.014217808842658997,
0,,87549,,0.014635930769145489
0,1.0000000116860974e-07,87599,0.014503187499940395,
0,,87599,,0.014635262079536915
0,1.0000000116860974e-07,87649,0.014586065895855427,
0,,87649,,0.014634311199188232
0,1.0000000116860974e-07,87699,0.014971286989748478,
0,,87699,,0.014635715633630753
0,1.0000000116860974e-07,87749,0.014500316232442856,
0,,87749,,0.014633631333708763
0,1.0000000116860974e-07,87799,0.014698443002998829,
0,,87799,,0.014632909558713436
0,1.0000000116860974e-07,87849,0.014413388445973396,
0,,87849,,0.014633155427873135
0,1.0000000116860974e-07,87899,0.014254468493163586,
0,,87899,,0.014631912112236023
0,1.0000000116860974e-07,87949,0.014147092588245869,
0,,87949,,0.01463274098932743
0,1.0000000116860974e-07,87999,0.014216610230505466,
0,,87999,,0.014631844125688076
0,1.0000000116860974e-07,88049,0.014488468877971172,
0,,88049,,0.01463110838085413
0,1.0000000116860974e-07,88099,0.014842893928289413,
0,,88099,,0.014630639925599098
0,1.0000000116860974e-07,88149,0.014583119191229343,
0,,88149,,0.014628930017352104
0,1.0000000116860974e-07,88199,0.01441888976842165,
0,,88199,,0.014630132354795933
0,1.0000000116860974e-07,88249,0.014606624841690063,
0,,88249,,0.014629185199737549
0,1.0000000116860974e-07,88299,0.014325903728604317,
0,,88299,,0.014628228731453419
0,1.0000000116860974e-07,88349,0.014657039195299149,
0,,88349,,0.014627589844167233
0,1.0000000116860974e-07,88399,0.014298493973910809,
0,,88399,,0.014633594080805779
0,1.0000000116860974e-07,88449,0.014649092219769955,
0,,88449,,0.014626247808337212
0,1.0000000116860974e-07,88499,0.014333014376461506,
0,,88499,,0.014626882039010525
0,1.0000000116860974e-07,88549,0.014567684382200241,
0,,88549,,0.014626039192080498
0,1.0000000116860974e-07,88599,0.014553443528711796,
0,,88599,,0.014626765623688698
0,1.0000000116860974e-07,88649,0.014960059896111488,
0,,88649,,0.01462627574801445
0,1.0000000116860974e-07,88699,0.014694824814796448,
0,,88699,,0.014626000076532364
0,1.0000000116860974e-07,88749,0.014664114452898502,
0,,88749,,0.014626293443143368
0,1.0000000116860974e-07,88799,0.014627684839069843,
0,,88799,,0.0146260317414999
0,1.0000000116860974e-07,88849,0.014937096275389194,
0,,88849,,0.014627237804234028
0,1.0000000116860974e-07,88899,0.014881431125104427,
0,,88899,,0.014624801464378834
0,1.0000000116860974e-07,88949,0.01411784254014492,
0,,88949,,0.014624451287090778
0,1.0000000116860974e-07,88999,0.01453943271189928,
0,,88999,,0.014625132083892822
0,1.0000000116860974e-07,89049,0.014581174589693546,
0,,89049,,0.014623426832258701
0,1.0000000116860974e-07,89099,0.014340276829898357,
0,,89099,,0.014622190967202187
0,1.0000000116860974e-07,89149,0.014604669995605946,
0,,89149,,0.014623478055000305
0,1.0000000116860974e-07,89199,0.014593323692679405,
0,,89199,,0.014620757661759853
0,1.0000000116860974e-07,89249,0.014547185972332954,
0,,89249,,0.014620768837630749
0,1.0000000116860974e-07,89299,0.014871381223201752,
0,,89299,,0.014621480368077755
0,1.0000000116860974e-07,89349,0.014834706671535969,
0,,89349,,0.014621271751821041
0,1.0000000116860974e-07,89399,0.014547153376042843,
0,,89399,,0.014619776047766209
0,1.0000000116860974e-07,89449,0.01513377483934164,
0,,89449,,0.014621725305914879
0,1.0000000116860974e-07,89499,0.014418122358620167,
0,,89499,,0.01461881771683693
0,1.0000000116860974e-07,89549,0.014595415443181992,
0,,89549,,0.014619254507124424
0,1.0000000116860974e-07,89599,0.014673369005322456,
0,,89599,,0.014618314802646637
0,1.0000000116860974e-07,89649,0.014843663200736046,
0,,89649,,0.01461897324770689
0,1.0000000116860974e-07,89699,0.014784456230700016,
0,,89699,,0.014618983492255211
0,1.0000000116860974e-07,89749,0.01443521585315466,
0,,89749,,0.0146170137450099
0,1.0000000116860974e-07,89799,0.014852594584226608,
0,,89799,,0.014616571366786957
0,1.0000000116860974e-07,89849,0.014587498269975185,
0,,89849,,0.014616820961236954
0,1.0000000116860974e-07,89899,0.014330057427287102,
0,,89899,,0.014615721069276333
0,1.0000000116860974e-07,89949,0.014270590618252754,
0,,89949,,0.014616323634982109
0,1.0000000116860974e-07,89999,0.014504775404930115,
0,,89999,,0.014616789296269417
0,1.0000000116860974e-07,90049,0.01467180997133255,
0,,90049,,0.01461512316018343
0,1.0000000116860974e-07,90099,0.014562277123332024,
0,,90099,,0.014617322012782097
0,1.0000000116860974e-07,90149,0.014287920668721199,
0,,90149,,0.014613620005548
0,1.0000000116860974e-07,90199,0.01435697078704834,
0,,90199,,0.01461449358612299
0,1.0000000116860974e-07,90249,0.01450074091553688,
0,,90249,,0.014613225124776363
0,1.0000000116860974e-07,90299,0.01453537680208683,
0,,90299,,0.014613000676035881
0,1.0000000116860974e-07,90349,0.014530960470438004,
0,,90349,,0.014614792540669441
0,1.0000000116860974e-07,90399,0.014723416417837143,
0,,90399,,0.01461175549775362
0,1.0000000116860974e-07,90449,0.014528376050293446,
0,,90449,,0.014611923135817051
0,1.0000000116860974e-07,90499,0.014594915322959423,
0,,90499,,0.014612860977649689
0,1.0000000116860974e-07,90549,0.014581900089979172,
0,,90549,,0.014610427431762218
0,1.0000000116860974e-07,90599,0.014434069395065308,
0,,90599,,0.014611337333917618
0,1.0000000116860974e-07,90649,0.014484606683254242,
0,,90649,,0.014611476100981236
0,1.0000000116860974e-07,90699,0.01413543801754713,
0,,90699,,0.014612053520977497
0,1.0000000116860974e-07,90749,0.014293555170297623,
0,,90749,,0.014611425809562206
0,1.0000000116860974e-07,90799,0.014429313130676746,
0,,90799,,0.014608772471547127
0,1.0000000116860974e-07,90849,0.014342495240271091,
0,,90849,,0.014609120786190033
0,1.0000000116860974e-07,90899,0.014201875776052475,
0,,90899,,0.014610281214118004
0,1.0000000116860974e-07,90949,0.014526668936014175,
0,,90949,,0.014608224853873253
0,1.0000000116860974e-07,90999,0.01479159016162157,
0,,90999,,0.014606722630560398
0,1.0000000116860974e-07,91049,0.01440304983407259,
0,,91049,,0.014606191776692867
0,1.0000000116860974e-07,91099,0.0146095659583807,
0,,91099,,0.014607258141040802
0,1.0000000116860974e-07,91149,0.014747471548616886,
0,,91149,,0.014604886993765831
0,1.0000000116860974e-07,91199,0.0145637271925807,
0,,91199,,0.014605437405407429
0,1.0000000116860974e-07,91249,0.01461307518184185,
0,,91249,,0.014606161043047905
0,1.0000000116860974e-07,91299,0.014511225745081902,
0,,91299,,0.014605769887566566
0,1.0000000116860974e-07,91349,0.014130419120192528,
0,,91349,,0.014604547061026096
0,1.0000000116860974e-07,91399,0.014393940567970276,
0,,91399,,0.014604206196963787
0,1.0000000116860974e-07,91449,0.01456686295568943,
0,,91449,,0.014604716561734676
0,1.0000000116860974e-07,91499,0.014773473143577576,
0,,91499,,0.014604372903704643
0,1.0000000116860974e-07,91549,0.014109562151134014,
0,,91549,,0.014602255076169968
0,1.0000000116860974e-07,91599,0.01479450985789299,
0,,91599,,0.014604110270738602
0,1.0000000116860974e-07,91649,0.014267172664403915,
0,,91649,,0.014602004550397396
0,1.0000000116860974e-07,91699,0.01490441057831049,
0,,91699,,0.014607500284910202
0,1.0000000116860974e-07,91749,0.014491735026240349,
0,,91749,,0.014600713737308979
0,1.0000000116860974e-07,91799,0.01481208298355341,
0,,91799,,0.014600819908082485
0,1.0000000116860974e-07,91849,0.014375491999089718,
0,,91849,,0.014599872753024101
0,1.0000000116860974e-07,91899,0.014500975608825684,
0,,91899,,0.014598733745515347
0,1.0000000116860974e-07,91949,0.014628422446548939,
0,,91949,,0.014598998241126537
0,1.0000000116860974e-07,91999,0.01448338944464922,
0,,91999,,0.01459987461566925
0,1.0000000116860974e-07,92049,0.014462473802268505,
0,,92049,,0.0146006029099226
0,1.0000000116860974e-07,92099,0.014622568152844906,
0,,92099,,0.014597989618778229
0,1.0000000116860974e-07,92149,0.014413973316550255,
0,,92149,,0.014597699046134949
0,1.0000000116860974e-07,92199,0.014689789153635502,
0,,92199,,0.014597764238715172
0,1.0000000116860974e-07,92249,0.014916373416781425,
0,,92249,,0.014597187750041485
0,1.0000000116860974e-07,92299,0.014372246339917183,
0,,92299,,0.014596345834434032
0,1.0000000116860974e-07,92349,0.014448125846683979,
0,,92349,,0.014596689492464066
0,1.0000000116860974e-07,92399,0.014170140959322453,
0,,92399,,0.014596130698919296
0,1.0000000116860974e-07,92449,0.014931594021618366,
0,,92449,,0.01459432765841484
0,1.0000000116860974e-07,92499,0.014681702479720116,
0,,92499,,0.014596366323530674
0,1.0000000116860974e-07,92549,0.014707725495100021,
0,,92549,,0.014593970961868763
0,1.0000000116860974e-07,92599,0.01427555363625288,
0,,92599,,0.014594272710382938
0,1.0000000116860974e-07,92649,0.014346045441925526,
0,,92649,,0.01459199283272028
0,1.0000000116860974e-07,92699,0.014364241622388363,
0,,92699,,0.014593437314033508
0,1.0000000116860974e-07,92749,0.014875161461532116,
0,,92749,,0.014592855237424374
0,1.0000000116860974e-07,92799,0.013920947909355164,
0,,92799,,0.01459249947220087
0,1.0000000116860974e-07,92849,0.014692147262394428,
0,,92849,,0.014592100866138935
0,1.0000000116860974e-07,92899,0.014314498752355576,
0,,92899,,0.014592593535780907
0,1.0000000116860974e-07,92949,0.014892949722707272,
0,,92949,,0.014589876867830753
0,1.0000000116860974e-07,92999,0.014461987651884556,
0,,92999,,0.014590858481824398
0,1.0000000116860974e-07,93049,0.014416247606277466,
0,,93049,,0.014590139500796795
0,1.0000000116860974e-07,93099,0.014492643997073174,
0,,93099,,0.014590516686439514
0,1.0000000116860974e-07,93149,0.014872493222355843,
0,,93149,,0.014591125771403313
0,1.0000000116860974e-07,93199,0.014564737677574158,
0,,93199,,0.01459033228456974
0,1.0000000116860974e-07,93249,0.014216002076864243,
0,,93249,,0.014589659869670868
0,1.0000000116860974e-07,93299,0.014573056250810623,
0,,93299,,0.014591309241950512
0,1.0000000116860974e-07,93349,0.014636559411883354,
0,,93349,,0.014590607024729252
0,1.0000000116860974e-07,93399,0.01451960764825344,
0,,93399,,0.014586913399398327
0,1.0000000116860974e-07,93449,0.014250230975449085,
0,,93449,,0.014587322250008583
0,1.0000000116860974e-07,93499,0.014591028913855553,
0,,93499,,0.014588091522455215
0,1.0000000116860974e-07,93549,0.014573687687516212,
0,,93549,,0.014585450291633606
0,1.0000000116860974e-07,93599,0.013931619003415108,
0,,93599,,0.014585657976567745
0,1.0000000116860974e-07,93649,0.014804237522184849,
0,,93649,,0.014584080316126347
0,1.0000000116860974e-07,93699,0.014560791663825512,
0,,93699,,0.014585796743631363
0,1.0000000116860974e-07,93749,0.01467883586883545,
0,,93749,,0.014584912918508053
0,1.0000000116860974e-07,93799,0.014719652011990547,
0,,93799,,0.014584830030798912
0,1.0000000116860974e-07,93849,0.014190084300935268,
0,,93849,,0.014584551565349102
0,1.0000000116860974e-07,93899,0.014345853589475155,
0,,93899,,0.014584507793188095
0,1.0000000116860974e-07,93949,0.014596070162951946,
0,,93949,,0.014585071243345737
0,1.0000000116860974e-07,93999,0.01439088024199009,
0,,93999,,0.014583539217710495
0,1.0000000116860974e-07,94049,0.014747153036296368,
0,,94049,,0.014581060037016869
0,1.0000000116860974e-07,94099,0.014513460919260979,
0,,94099,,0.014582791365683079
0,1.0000000116860974e-07,94149,0.014735018834471703,
0,,94149,,0.014583914540708065
0,1.0000000116860974e-07,94199,0.014264880679547787,
0,,94199,,0.014581727795302868
0,1.0000000116860974e-07,94249,0.014305968768894672,
0,,94249,,0.014584114775061607
0,1.0000000116860974e-07,94299,0.01495898887515068,
0,,94299,,0.014581725932657719
0,1.0000000116860974e-07,94349,0.01441117562353611,
0,,94349,,0.014580145478248596
0,1.0000000116860974e-07,94399,0.014277743175625801,
0,,94399,,0.014580140821635723
0,1.0000000116860974e-07,94449,0.014473139308393002,
0,,94449,,0.014580260962247849
0,1.0000000116860974e-07,94499,0.01482631079852581,
0,,94499,,0.014579204842448235
0,1.0000000116860974e-07,94549,0.014492576941847801,
0,,94549,,0.014578855596482754
0,1.0000000116860974e-07,94599,0.014222086407244205,
0,,94599,,0.01457755547016859
0,1.0000000116860974e-07,94649,0.01470091287046671,
0,,94649,,0.014579620212316513
0,1.0000000116860974e-07,94699,0.014806688763201237,
0,,94699,,0.014577705413103104
0,1.0000000116860974e-07,94749,0.014346483163535595,
0,,94749,,0.014578467234969139
0,1.0000000116860974e-07,94799,0.014347517862915993,
0,,94799,,0.014577746391296387
0,1.0000000116860974e-07,94849,0.014622211456298828,
0,,94849,,0.014576755464076996
0,1.0000000116860974e-07,94899,0.014848287217319012,
0,,94899,,0.01457513589411974
0,1.0000000116860974e-07,94949,0.014440270140767097,
0,,94949,,0.014574950560927391
0,1.0000000116860974e-07,94999,0.014447330497205257,
0,,94999,,0.014575938694179058
0,1.0000000116860974e-07,95049,0.014601964503526688,
0,,95049,,0.014578274451196194
0,1.0000000116860974e-07,95099,0.013917963020503521,
0,,95099,,0.014576410874724388
0,1.0000000116860974e-07,95149,0.014448138885200024,
0,,95149,,0.014574356377124786
0,1.0000000116860974e-07,95199,0.014621339738368988,
0,,95199,,0.0145750492811203
0,1.0000000116860974e-07,95249,0.014633233658969402,
0,,95249,,0.014573133550584316
0,1.0000000116860974e-07,95299,0.01468362845480442,
0,,95299,,0.014574573375284672
0,1.0000000116860974e-07,95349,0.014221624471247196,
0,,95349,,0.014573326334357262
0,1.0000000116860974e-07,95399,0.014882771298289299,
0,,95399,,0.014572118408977985
0,1.0000000116860974e-07,95449,0.014722044579684734,
0,,95449,,0.014572219923138618
0,1.0000000116860974e-07,95499,0.014303338713943958,
0,,95499,,0.014570506289601326
0,1.0000000116860974e-07,95549,0.014126311987638474,
0,,95549,,0.01457432471215725
0,1.0000000116860974e-07,95599,0.014463290572166443,
0,,95599,,0.014569864608347416
0,1.0000000116860974e-07,95649,0.014399677515029907,
0,,95649,,0.014570406638085842
0,1.0000000116860974e-07,95699,0.014480547979474068,
0,,95699,,0.014570246450603008
0,1.0000000116860974e-07,95749,0.014703388325870037,
0,,95749,,0.014571735635399818
0,1.0000000116860974e-07,95799,0.014660966582596302,
0,,95799,,0.01457046065479517
0,1.0000000116860974e-07,95849,0.014524724334478378,
0,,95849,,0.014568767510354519
0,1.0000000116860974e-07,95899,0.014453485608100891,
0,,95899,,0.014569097198545933
0,1.0000000116860974e-07,95949,0.014497226104140282,
0,,95949,,0.014568142592906952
0,1.0000000116860974e-07,95999,0.014358023181557655,
0,,95999,,0.014567677862942219
0,1.0000000116860974e-07,96049,0.014303814619779587,
0,,96049,,0.014567614533007145
0,1.0000000116860974e-07,96099,0.014404748566448689,
0,,96099,,0.01456771232187748
0,1.0000000116860974e-07,96149,0.01442253403365612,
0,,96149,,0.014566606841981411
0,1.0000000116860974e-07,96199,0.014636851847171783,
0,,96199,,0.014565151184797287
0,1.0000000116860974e-07,96249,0.014465012587606907,
0,,96249,,0.01456495001912117
0,1.0000000116860974e-07,96299,0.014415394514799118,
0,,96299,,0.01456372905522585
0,1.0000000116860974e-07,96349,0.014222579076886177,
0,,96349,,0.01456367876380682
0,1.0000000116860974e-07,96399,0.014443475753068924,
0,,96399,,0.014565488323569298
0,1.0000000116860974e-07,96449,0.014200550504028797,
0,,96449,,0.014564932323992252
0,1.0000000116860974e-07,96499,0.014434205368161201,
0,,96499,,0.014564474113285542
0,1.0000000116860974e-07,96549,0.014872814528644085,
0,,96549,,0.014562780037522316
0,1.0000000116860974e-07,96599,0.01460629515349865,
0,,96599,,0.01456363219767809
0,1.0000000116860974e-07,96649,0.014252369292080402,
0,,96649,,0.014564001932740211
0,1.0000000116860974e-07,96699,0.014285159297287464,
0,,96699,,0.014563042670488358
0,1.0000000116860974e-07,96749,0.014552322216331959,
0,,96749,,0.014560895040631294
0,1.0000000116860974e-07,96799,0.014377960003912449,
0,,96799,,0.014561394229531288
0,1.0000000116860974e-07,96849,0.013968713581562042,
0,,96849,,0.014559117145836353
0,1.0000000116860974e-07,96899,0.014155901968479156,
0,,96899,,0.014558984898030758
0,1.0000000116860974e-07,96949,0.014317873865365982,
0,,96949,,0.014559118077158928
0,1.0000000116860974e-07,96999,0.01469472236931324,
0,,96999,,0.01455790176987648
0,1.0000000116860974e-07,97049,0.01385746244341135,
0,,97049,,0.014560943469405174
0,1.0000000116860974e-07,97099,0.014360876753926277,
0,,97099,,0.014558130875229836
0,1.0000000116860974e-07,97149,0.014175601303577423,
0,,97149,,0.014559881761670113
0,1.0000000116860974e-07,97199,0.014712698757648468,
0,,97199,,0.01455835159868002
0,1.0000000116860974e-07,97249,0.01453403476625681,
0,,97249,,0.01455763727426529
0,1.0000000116860974e-07,97299,0.014570637606084347,
0,,97299,,0.014556308276951313
0,1.0000000116860974e-07,97349,0.014650821685791016,
0,,97349,,0.014556748792529106
0,1.0000000116860974e-07,97399,0.014378481544554234,
0,,97399,,0.01455672923475504
0,1.0000000116860974e-07,97449,0.014314592815935612,
0,,97449,,0.014556174166500568
0,1.0000000116860974e-07,97499,0.014610214158892632,
0,,97499,,0.014556691981852055
0,1.0000000116860974e-07,97549,0.01453603245317936,
0,,97549,,0.014556621201336384
0,1.0000000116860974e-07,97599,0.014611325226724148,
0,,97599,,0.014554725028574467
0,1.0000000116860974e-07,97649,0.014574600383639336,
0,,97649,,0.014554806984961033
0,1.0000000116860974e-07,97699,0.014362545683979988,
0,,97699,,0.014553507789969444
0,1.0000000116860974e-07,97749,0.014433140866458416,
0,,97749,,0.0145554905757308
0,1.0000000116860974e-07,97799,0.014318456873297691,
0,,97799,,0.014555004425346851
0,1.0000000116860974e-07,97849,0.014046451076865196,
0,,97849,,0.014554968103766441
0,1.0000000116860974e-07,97899,0.014650506898760796,
0,,97899,,0.014553040266036987
0,1.0000000116860974e-07,97949,0.014252209104597569,
0,,97949,,0.014551782049238682
0,1.0000000116860974e-07,97999,0.014793501235544682,
0,,97999,,0.014551213942468166
0,1.0000000116860974e-07,98049,0.014704582281410694,
0,,98049,,0.014552399516105652
0,1.0000000116860974e-07,98099,0.01457691565155983,
0,,98099,,0.0145510109141469
0,1.0000000116860974e-07,98149,0.014630819670855999,
0,,98149,,0.014551317319273949
0,1.0000000116860974e-07,98199,0.014410717412829399,
0,,98199,,0.014548536390066147
0,1.0000000116860974e-07,98249,0.014841699041426182,
0,,98249,,0.014548191800713539
0,1.0000000116860974e-07,98299,0.014483798295259476,
0,,98299,,0.014549126848578453
0,1.0000000116860974e-07,98349,0.014563028700649738,
0,,98349,,0.014548318460583687
0,1.0000000116860974e-07,98399,0.014310547150671482,
0,,98399,,0.014549502171576023
0,1.0000000116860974e-07,98449,0.014382563531398773,
0,,98449,,0.0145476795732975
0,1.0000000116860974e-07,98499,0.014371322467923164,
0,,98499,,0.014549044892191887
0,1.0000000116860974e-07,98549,0.014527914114296436,
0,,98549,,0.014546731486916542
0,1.0000000116860974e-07,98599,0.01439161878079176,
0,,98599,,0.014545849524438381
0,1.0000000116860974e-07,98649,0.014662781730294228,
0,,98649,,0.014545954763889313
0,1.0000000116860974e-07,98699,0.014350557699799538,
0,,98699,,0.014546415768563747
0,1.0000000116860974e-07,98749,0.01422997284680605,
0,,98749,,0.014545503072440624
0,1.0000000116860974e-07,98799,0.014275658875703812,
0,,98799,,0.014545232988893986
0,1.0000000116860974e-07,98849,0.014550087042152882,
0,,98849,,0.014546691440045834
0,1.0000000116860974e-07,98899,0.014640466310083866,
0,,98899,,0.014544148929417133
0,1.0000000116860974e-07,98949,0.01393567118793726,
0,,98949,,0.014543453231453896
0,1.0000000116860974e-07,98999,0.014420541003346443,
0,,98999,,0.014543182216584682
0,1.0000000116860974e-07,99049,0.014717872254550457,
0,,99049,,0.014542111195623875
0,1.0000000116860974e-07,99099,0.01482715830206871,
0,,99099,,0.014542312361299992
0,1.0000000116860974e-07,99149,0.013887092471122742,
0,,99149,,0.014543750323355198
0,1.0000000116860974e-07,99199,0.01428613718599081,
0,,99199,,0.014541874639689922
0,1.0000000116860974e-07,99249,0.014482775703072548,
0,,99249,,0.014541512355208397
0,1.0000000116860974e-07,99299,0.014510796405375004,
0,,99299,,0.014541340991854668
0,1.0000000116860974e-07,99349,0.014388843439519405,
0,,99349,,0.01454063132405281
0,1.0000000116860974e-07,99399,0.014335728250443935,
0,,99399,,0.014539617113769054
0,1.0000000116860974e-07,99449,0.014235434122383595,
0,,99449,,0.014539339579641819
0,1.0000000116860974e-07,99499,0.014418689534068108,
0,,99499,,0.014539703726768494
0,1.0000000116860974e-07,99549,0.0145200714468956,
0,,99549,,0.014540072530508041
0,1.0000000116860974e-07,99599,0.014639471657574177,
0,,99599,,0.014539563097059727
0,1.0000000116860974e-07,99649,0.014427848160266876,
0,,99649,,0.014539752155542374
0,1.0000000116860974e-07,99699,0.014538824558258057,
0,,99699,,0.01453905925154686
0,1.0000000116860974e-07,99749,0.014304088428616524,
0,,99749,,0.014537363313138485
0,1.0000000116860974e-07,99799,0.014444383792579174,
0,,99799,,0.014539440162479877
0,1.0000000116860974e-07,99849,0.014493722468614578,
0,,99849,,0.014536535367369652
0,1.0000000116860974e-07,99899,0.014675530605018139,
0,,99899,,0.01453819964081049
0,1.0000000116860974e-07,99949,0.014467556960880756,
0,,99949,,0.014536092057824135
0,1.0000000116860974e-07,99999,0.014120536856353283,
0,,99999,,0.014535830356180668
0,1.0000000116860974e-07,100049,0.014790673740208149,
0,,100049,,0.014537889510393143
0,1.0000000116860974e-07,100099,0.014484355226159096,
0,,100099,,0.014535251073539257
0,1.0000000116860974e-07,100149,0.014284537173807621,
0,,100149,,0.014535040594637394
0,1.0000000116860974e-07,100199,0.014322217553853989,
0,,100199,,0.014535616151988506
0,1.0000000116860974e-07,100249,0.014607159420847893,
0,,100249,,0.01453531626611948
0,1.0000000116860974e-07,100299,0.01456919964402914,
0,,100299,,0.014533938840031624
0,1.0000000116860974e-07,100349,0.014241051860153675,
0,,100349,,0.01453194860368967
0,1.0000000116860974e-07,100399,0.014206436462700367,
0,,100399,,0.014533472247421741
0,1.0000000116860974e-07,100449,0.014346566051244736,
0,,100449,,0.014532520435750484
0,1.0000000116860974e-07,100499,0.014436195604503155,
0,,100499,,0.014530647546052933
0,1.0000000116860974e-07,100549,0.01432941947132349,
0,,100549,,0.01453060656785965
0,1.0000000116860974e-07,100599,0.014639646746218204,
0,,100599,,0.014530474320054054
0,1.0000000116860974e-07,100649,0.014283770695328712,
0,,100649,,0.014531162567436695
0,1.0000000116860974e-07,100699,0.014363420195877552,
0,,100699,,0.014531253837049007
0,1.0000000116860974e-07,100749,0.01473951991647482,
0,,100749,,0.01453295536339283
0,1.0000000116860974e-07,100799,0.01441588718444109,
0,,100799,,0.01452973298728466
0,1.0000000116860974e-07,100849,0.014505480416119099,
0,,100849,,0.01452886126935482
0,1.0000000116860974e-07,100899,0.013993695378303528,
0,,100899,,0.014530305750668049
0,1.0000000116860974e-07,100949,0.014286614954471588,
0,,100949,,0.014530097134411335
0,1.0000000116860974e-07,100999,0.01465376652777195,
0,,100999,,0.014528695493936539
0,1.0000000116860974e-07,101049,0.014645807445049286,
0,,101049,,0.014529498293995857
0,1.0000000116860974e-07,101099,0.014294217340648174,
0,,101099,,0.014527590945363045
0,1.0000000116860974e-07,101149,0.014398942701518536,
0,,101149,,0.014527606777846813
0,1.0000000116860974e-07,101199,0.01446614507585764,
0,,101199,,0.014526800252497196
0,1.0000000116860974e-07,101249,0.014315612614154816,
0,,101249,,0.01452596578747034
0,1.0000000116860974e-07,101299,0.014107786118984222,
0,,101299,,0.014526460319757462
0,1.0000000116860974e-07,101349,0.014946977607905865,
0,,101349,,0.014526707120239735
0,1.0000000116860974e-07,101399,0.01439066044986248,
0,,101399,,0.01452447660267353
0,1.0000000116860974e-07,101449,0.014622018672525883,
0,,101449,,0.014524855650961399
0,1.0000000116860974e-07,101499,0.014683887362480164,
0,,101499,,0.014524590224027634
0,1.0000000116860974e-07,101549,0.014810089021921158,
0,,101549,,0.014523591846227646
0,1.0000000116860974e-07,101599,0.014208722859621048,
0,,101599,,0.01452349778264761
0,1.0000000116860974e-07,101649,0.01477097999304533,
0,,101649,,0.014523330144584179
0,1.0000000116860974e-07,101699,0.014379934407770634,
0,,101699,,0.014524782076478004
0,1.0000000116860974e-07,101749,0.014421871863305569,
0,,101749,,0.014523141086101532
0,1.0000000116860974e-07,101799,0.01435366366058588,
0,,101799,,0.014521769247949123
0,1.0000000116860974e-07,101849,0.014483137056231499,
0,,101849,,0.014521727338433266
0,1.0000000116860974e-07,101899,0.014472298324108124,
0,,101899,,0.014521625824272633
0,1.0000000116860974e-07,101949,0.014327574521303177,
0,,101949,,0.014520189724862576
0,1.0000000116860974e-07,101999,0.014214507304131985,
0,,101999,,0.014519931748509407
0,1.0000000116860974e-07,102049,0.013990435749292374,
0,,102049,,0.014518731273710728
0,1.0000000116860974e-07,102099,0.015060676261782646,
0,,102099,,0.014518619515001774
0,1.0000000116860974e-07,102149,0.01438069436699152,
0,,102149,,0.014518503099679947
0,1.0000000116860974e-07,102199,0.01457356195896864,
0,,102199,,0.014518743380904198
0,1.0000000116860974e-07,102249,0.01444624550640583,
0,,102249,,0.014518100768327713
0,1.0000000116860974e-07,102299,0.014389819465577602,
0,,102299,,0.014517351053655148
0,1.0000000116860974e-07,102349,0.014648021198809147,
0,,102349,,0.014516218565404415
0,1.0000000116860974e-07,102399,0.014252879656851292,
0,,102399,,0.01451579388231039
0,1.0000000116860974e-07,102449,0.014376531355082989,
0,,102449,,0.014516560360789299
0,1.0000000116860974e-07,102499,0.014542817138135433,
0,,102499,,0.014517204836010933
0,1.0000000116860974e-07,102549,0.014728011563420296,
0,,102549,,0.014517726376652718
0,1.0000000116860974e-07,102599,0.014401962980628014,
0,,102599,,0.014515248127281666
0,1.0000000116860974e-07,102649,0.014254527166485786,
0,,102649,,0.014515421353280544
0,1.0000000116860974e-07,102699,0.014858730137348175,
0,,102699,,0.014514797367155552
0,1.0000000116860974e-07,102749,0.013940642587840557,
0,,102749,,0.01451472844928503
0,1.0000000116860974e-07,102799,0.014310624450445175,
0,,102799,,0.014514660462737083
0,1.0000000116860974e-07,102849,0.014509572647511959,
0,,102849,,0.014514235779643059
0,1.0000000116860974e-07,102899,0.014669889584183693,
0,,102899,,0.014512753114104271
0,1.0000000116860974e-07,102949,0.014489060267806053,
0,,102949,,0.014513459987938404
0,1.0000000116860974e-07,102999,0.014019136317074299,
0,,102999,,0.014511588029563427
0,1.0000000116860974e-07,103049,0.01426582783460617,
0,,103049,,0.01451069861650467
0,1.0000000116860974e-07,103099,0.013947296887636185,
0,,103099,,0.014512194320559502
0,1.0000000116860974e-07,103149,0.01456558145582676,
0,,103149,,0.014511717483401299
0,1.0000000116860974e-07,103199,0.013911765068769455,
0,,103199,,0.014509706757962704
0,1.0000000116860974e-07,103249,0.014688659459352493,
0,,103249,,0.014511499553918839
0,1.0000000116860974e-07,103299,0.014411377720534801,
0,,103299,,0.014510678127408028
0,1.0000000116860974e-07,103349,0.01432679034769535,
0,,103349,,0.014511868357658386
0,1.0000000116860974e-07,103399,0.014488684944808483,
0,,103399,,0.014509515836834908
0,1.0000000116860974e-07,103449,0.01419316977262497,
0,,103449,,0.01450849138200283
0,1.0000000116860974e-07,103499,0.014874197542667389,
0,,103499,,0.014508862048387527
0,1.0000000116860974e-07,103549,0.014592429623007774,
0,,103549,,0.014508548192679882
0,1.0000000116860974e-07,103599,0.014631250873208046,
0,,103599,,0.014508990570902824
0,1.0000000116860974e-07,103649,0.014421511441469193,
0,,103649,,0.014506815932691097
0,1.0000000116860974e-07,103699,0.014473388902842999,
0,,103699,,0.014506096951663494
0,1.0000000116860974e-07,103749,0.0141212847083807,
0,,103749,,0.014505384489893913
0,1.0000000116860974e-07,103799,0.01428591925650835,
0,,103799,,0.01450581755489111
0,1.0000000116860974e-07,103849,0.014413540251553059,
0,,103849,,0.01450730673968792
0,1.0000000116860974e-07,103899,0.014520322903990746,
0,,103899,,0.014507475309073925
0,1.0000000116860974e-07,103949,0.014277676120400429,
0,,103949,,0.01450540591031313
0,1.0000000116860974e-07,103999,0.014052337035536766,
0,,103999,,0.014505445957183838
0,1.0000000116860974e-07,104049,0.014337553642690182,
0,,104049,,0.014504856429994106
0,1.0000000116860974e-07,104099,0.014286714605987072,
0,,104099,,0.014505512081086636
0,1.0000000116860974e-07,104149,0.014463361352682114,
0,,104149,,0.01450275257229805
0,1.0000000116860974e-07,104199,0.014488112181425095,
0,,104199,,0.014503709971904755
0,1.0000000116860974e-07,104249,0.014574569649994373,
0,,104249,,0.014504554681479931
0,1.0000000116860974e-07,104299,0.014363152906298637,
0,,104299,,0.014502069912850857
0,1.0000000116860974e-07,104349,0.014534814283251762,
0,,104349,,0.014502126723527908
0,1.0000000116860974e-07,104399,0.01470146607607603,
0,,104399,,0.014501753263175488
0,1.0000000116860974e-07,104449,0.014827786013484001,
0,,104449,,0.014501244761049747
0,1.0000000116860974e-07,104499,0.014479701407253742,
0,,104499,,0.014500913210213184
0,1.0000000116860974e-07,104549,0.014662504196166992,
0,,104549,,0.014500472694635391
0,1.0000000116860974e-07,104599,0.014263457618653774,
0,,104599,,0.014499891549348831
0,1.0000000116860974e-07,104649,0.014862979762256145,
0,,104649,,0.014500790275633335
0,1.0000000116860974e-07,104699,0.014447399415075779,
0,,104699,,0.014499180018901825
0,1.0000000116860974e-07,104749,0.014212041161954403,
0,,104749,,0.014499763958156109
0,1.0000000116860974e-07,104799,0.014519944787025452,
0,,104799,,0.01450036745518446
0,1.0000000116860974e-07,104849,0.01412885170429945,
0,,104849,,0.014499086886644363
0,1.0000000116860974e-07,104899,0.014466078020632267,
0,,104899,,0.014498713426291943
0,1.0000000116860974e-07,104949,0.014184129424393177,
0,,104949,,0.014496653340756893
0,1.0000000116860974e-07,104999,0.014121929183602333,
0,,104999,,0.014497100375592709
0,1.0000000116860974e-07,105049,0.01419483870267868,
0,,105049,,0.014496427029371262
0,1.0000000116860974e-07,105099,0.014443914406001568,
0,,105099,,0.01449659839272499
0,1.0000000116860974e-07,105149,0.01410293485969305,
0,,105149,,0.014495288953185081
0,1.0000000116860974e-07,105199,0.014358967542648315,
0,,105199,,0.014494438655674458
0,1.0000000116860974e-07,105249,0.014182951301336288,
0,,105249,,0.01449444331228733
0,1.0000000116860974e-07,105299,0.014289851300418377,
0,,105299,,0.014493909664452076
0,1.0000000116860974e-07,105349,0.014248513616621494,
0,,105349,,0.014493804425001144
0,1.0000000116860974e-07,105399,0.014634878374636173,
0,,105399,,0.014493378810584545
0,1.0000000116860974e-07,105449,0.014534924179315567,
0,,105449,,0.01449380349367857
0,1.0000000116860974e-07,105499,0.014559236355125904,
0,,105499,,0.014492414891719818
0,1.0000000116860974e-07,105549,0.014826145954430103,
0,,105549,,0.014491341076791286
0,1.0000000116860974e-07,105599,0.014615138992667198,
0,,105599,,0.014491681940853596
0,1.0000000116860974e-07,105649,0.014410015195608139,
0,,105649,,0.014491519890725613
0,1.0000000116860974e-07,105699,0.014689993113279343,
0,,105699,,0.014490854926407337
0,1.0000000116860974e-07,105749,0.014682465232908726,
0,,105749,,0.014489141292870045
0,1.0000000116860974e-07,105799,0.014283450320363045,
0,,105799,,0.01449060719460249
0,1.0000000116860974e-07,105849,0.0143806803971529,
0,,105849,,0.014489795081317425
0,1.0000000116860974e-07,105899,0.014714198186993599,
0,,105899,,0.014489782974123955
0,1.0000000116860974e-07,105949,0.014554501511156559,
0,,105949,,0.014490677043795586
0,1.0000000116860974e-07,105999,0.014491928741335869,
0,,105999,,0.014489543624222279
0,1.0000000116860974e-07,106049,0.014481269754469395,
0,,106049,,0.014491990208625793
0,1.0000000116860974e-07,106099,0.014777354896068573,
0,,106099,,0.014489227905869484
0,1.0000000116860974e-07,106149,0.01452402863651514,
0,,106149,,0.014487776905298233
0,1.0000000116860974e-07,106199,0.014254909008741379,
0,,106199,,0.01448808889836073
0,1.0000000116860974e-07,106249,0.014204445295035839,
0,,106249,,0.014486720785498619
0,1.0000000116860974e-07,106299,0.014454100281000137,
0,,106299,,0.01448803674429655
0,1.0000000116860974e-07,106349,0.014496618881821632,
0,,106349,,0.01448835525661707
0,1.0000000116860974e-07,106399,0.014344457536935806,
0,,106399,,0.014487084001302719
0,1.0000000116860974e-07,106449,0.014233652502298355,
0,,106449,,0.014486505649983883
0,1.0000000116860974e-07,106499,0.014351275749504566,
0,,106499,,0.014484995044767857
0,1.0000000116860974e-07,106549,0.01407852303236723,
0,,106549,,0.014485607855021954
0,1.0000000116860974e-07,106599,0.01448845025151968,
0,,106599,,0.014484567567706108
0,1.0000000116860974e-07,106649,0.014416311867535114,
0,,106649,,0.014485973864793777
0,1.0000000116860974e-07,106699,0.014441097155213356,
0,,106699,,0.014484413899481297
0,1.0000000116860974e-07,106749,0.014430977404117584,
0,,106749,,0.014483707956969738
0,1.0000000116860974e-07,106799,0.014309016987681389,
0,,106799,,0.014482501894235611
0,1.0000000116860974e-07,106849,0.014422900974750519,
0,,106849,,0.014481007121503353
0,1.0000000116860974e-07,106899,0.014873985201120377,
0,,106899,,0.01448176521807909
0,1.0000000116860974e-07,106949,0.014559895731508732,
0,,106949,,0.014481359161436558
0,1.0000000116860974e-07,106999,0.014128427952528,
0,,106999,,0.014481655322015285
0,1.0000000116860974e-07,107049,0.013890635222196579,
0,,107049,,0.014480256475508213
0,1.0000000116860974e-07,107099,0.014565235935151577,
0,,107099,,0.014481010846793652
0,1.0000000116860974e-07,107149,0.01462259329855442,
0,,107149,,0.01448027603328228
0,1.0000000116860974e-07,107199,0.014534561894834042,
0,,107199,,0.014480442740023136
0,1.0000000116860974e-07,107249,0.014020871371030807,
0,,107249,,0.014478947035968304
0,1.0000000116860974e-07,107299,0.014558197930455208,
0,,107299,,0.014478393830358982
0,1.0000000116860974e-07,107349,0.014018706046044827,
0,,107349,,0.014478189870715141
0,1.0000000116860974e-07,107399,0.014561205171048641,
0,,107399,,0.014478727243840694
0,1.0000000116860974e-07,107449,0.01441999338567257,
0,,107449,,0.014481388963758945
0,1.0000000116860974e-07,107499,0.014584923163056374,
0,,107499,,0.014479014091193676
0,1.0000000116860974e-07,107549,0.014422614127397537,
0,,107549,,0.01447766087949276
0,1.0000000116860974e-07,107599,0.01443460676819086,
0,,107599,,0.014476846903562546
0,1.0000000116860974e-07,107649,0.014086044393479824,
0,,107649,,0.014476161450147629
0,1.0000000116860974e-07,107699,0.01458727102726698,
0,,107699,,0.014477047137916088
0,1.0000000116860974e-07,107749,0.014089751057326794,
0,,107749,,0.014476105570793152
0,1.0000000116860974e-07,107799,0.014218895696103573,
0,,107799,,0.01447561290115118
0,1.0000000116860974e-07,107849,0.014064889401197433,
0,,107849,,0.01447600033134222
0,1.0000000116860974e-07,107899,0.01429214607924223,
0,,107899,,0.014475471340119839
0,1.0000000116860974e-07,107949,0.014319480396807194,
0,,107949,,0.014475333504378796
0,1.0000000116860974e-07,107999,0.014353535138070583,
0,,107999,,0.014473139308393002
0,1.0000000116860974e-07,108049,0.014282015152275562,
0,,108049,,0.014473257586359978
0,1.0000000116860974e-07,108099,0.014479358680546284,
0,,108099,,0.014473515562713146
0,1.0000000116860974e-07,108149,0.014244900085031986,
0,,108149,,0.01447347179055214
0,1.0000000116860974e-07,108199,0.014221061952412128,
0,,108199,,0.014472976326942444
0,1.0000000116860974e-07,108249,0.014417036436498165,
0,,108249,,0.0144713269546628
0,1.0000000116860974e-07,108299,0.013923641294240952,
0,,108299,,0.014471068978309631
0,1.0000000116860974e-07,108349,0.014195705763995647,
0,,108349,,0.014471170492470264
0,1.0000000116860974e-07,108399,0.014210830442607403,
0,,108399,,0.014471571892499924
0,1.0000000116860974e-07,108449,0.014376465231180191,
0,,108449,,0.014471262693405151
0,1.0000000116860974e-07,108499,0.014424505643546581,
0,,108499,,0.014471583999693394
0,1.0000000116860974e-07,108549,0.014408333227038383,
0,,108549,,0.014469160698354244
0,1.0000000116860974e-07,108599,0.01417059451341629,
0,,108599,,0.014471226371824741
0,1.0000000116860974e-07,108649,0.014452864415943623,
0,,108649,,0.01447044126689434
0,1.0000000116860974e-07,108699,0.014569598250091076,
0,,108699,,0.014469747431576252
0,1.0000000116860974e-07,108749,0.014490212313830853,
0,,108749,,0.014466878026723862
0,1.0000000116860974e-07,108799,0.013887128792703152,
0,,108799,,0.014466016553342342
0,1.0000000116860974e-07,108849,0.014230561442673206,
0,,108849,,0.014467443339526653
0,1.0000000116860974e-07,108899,0.014507523737847805,
0,,108899,,0.014467782340943813
0,1.0000000116860974e-07,108949,0.014243719168007374,
0,,108949,,0.014466359280049801
0,1.0000000116860974e-07,108999,0.014175083488225937,
0,,108999,,0.01446655485779047
0,1.0000000116860974e-07,109049,0.014085839502513409,
0,,109049,,0.014465559273958206
0,1.0000000116860974e-07,109099,0.014178931713104248,
0,,109099,,0.014466348104178905
0,1.0000000116860974e-07,109149,0.01431305892765522,
0,,109149,,0.014465623535215855
0,1.0000000116860974e-07,109199,0.014612418599426746,
0,,109199,,0.014465085230767727
0,1.0000000116860974e-07,109249,0.014010830782353878,
0,,109249,,0.014465739019215107
0,1.0000000116860974e-07,109299,0.014589769765734673,
0,,109299,,0.014466529712080956
0,1.0000000116860974e-07,109349,0.01464307215064764,
0,,109349,,0.014465455897152424
0,1.0000000116860974e-07,109399,0.014382049441337585,
0,,109399,,0.014463355764746666
0,1.0000000116860974e-07,109449,0.014343724586069584,
0,,109449,,0.014462800696492195
0,1.0000000116860974e-07,109499,0.014380911365151405,
0,,109499,,0.014463438652455807
0,1.0000000116860974e-07,109549,0.014489725232124329,
0,,109549,,0.01446346566081047
0,1.0000000116860974e-07,109599,0.014532525092363358,
0,,109599,,0.014463020488619804
0,1.0000000116860974e-07,109649,0.013899741694331169,
0,,109649,,0.014462421648204327
0,1.0000000116860974e-07,109699,0.014380807988345623,
0,,109699,,0.014462090097367764
0,1.0000000116860974e-07,109749,0.014519797638058662,
0,,109749,,0.014460758306086063
0,1.0000000116860974e-07,109799,0.014255206100642681,
0,,109799,,0.014460231177508831
0,1.0000000116860974e-07,109849,0.014547903090715408,
0,,109849,,0.014459365978837013
0,1.0000000116860974e-07,109899,0.014308905228972435,
0,,109899,,0.014460296370089054
0,1.0000000116860974e-07,109949,0.014338094741106033,
0,,109949,,0.014460197649896145
0,1.0000000116860974e-07,109999,0.014683239161968231,
0,,109999,,0.014459265395998955
0,1.0000000116860974e-07,110049,0.014531265944242477,
0,,110049,,0.014458569698035717
0,1.0000000116860974e-07,110099,0.014671515673398972,
0,,110099,,0.014459080994129181
0,1.0000000116860974e-07,110149,0.014341591857373714,
0,,110149,,0.01445787027478218
0,1.0000000116860974e-07,110199,0.014432487078011036,
0,,110199,,0.014458002522587776
0,1.0000000116860974e-07,110249,0.014864128082990646,
0,,110249,,0.014459114521741867
0,1.0000000116860974e-07,110299,0.0144231291487813,
0,,110299,,0.014457548037171364
0,1.0000000116860974e-07,110349,0.014101817272603512,
0,,110349,,0.014456509612500668
0,1.0000000116860974e-07,110399,0.014548342674970627,
0,,110399,,0.014455502852797508
0,1.0000000116860974e-07,110449,0.01465004961937666,
0,,110449,,0.014456117525696754
0,1.0000000116860974e-07,110499,0.013923783786594868,
0,,110499,,0.014455370604991913
0,1.0000000116860974e-07,110549,0.014363091439008713,
0,,110549,,0.014455539174377918
0,1.0000000116860974e-07,110599,0.01443740725517273,
0,,110599,,0.014455581083893776
0,1.0000000116860974e-07,110649,0.014135432429611683,
0,,110649,,0.014453886076807976
0,1.0000000116860974e-07,110699,0.014368653297424316,
0,,110699,,0.014454836025834084
0,1.0000000116860974e-07,110749,0.01442518550902605,
0,,110749,,0.014452597126364708
0,1.0000000116860974e-07,110799,0.014628110453486443,
0,,110799,,0.014452879317104816
0,1.0000000116860974e-07,110849,0.01438637264072895,
0,,110849,,0.014452281408011913
0,1.0000000116860974e-07,110899,0.014719967730343342,
0,,110899,,0.01445439551025629
0,1.0000000116860974e-07,110949,0.01438623946160078,
0,,110949,,0.014452430419623852
0,1.0000000116860974e-07,110999,0.014722236432135105,
0,,110999,,0.014452083967626095
0,1.0000000116860974e-07,111049,0.014398197643458843,
0,,111049,,0.014450541697442532
0,1.0000000116860974e-07,111099,0.014324077405035496,
0,,111099,,0.01444995030760765
0,1.0000000116860974e-07,111149,0.014263611286878586,
0,,111149,,0.01445108000189066
0,1.0000000116860974e-07,111199,0.014202384278178215,
0,,111199,,0.01444914285093546
0,1.0000000116860974e-07,111249,0.014531031250953674,
0,,111249,,0.014448624104261398
0,1.0000000116860974e-07,111299,0.014490671455860138,
0,,111299,,0.014450229704380035
0,1.0000000116860974e-07,111349,0.014159254729747772,
0,,111349,,0.014450167305767536
0,1.0000000116860974e-07,111399,0.014302805997431278,
0,,111399,,0.01444896962493658
0,1.0000000116860974e-07,111449,0.01413570437580347,
0,,111449,,0.014449077658355236
0,1.0000000116860974e-07,111499,0.01470046304166317,
0,,111499,,0.01444737333804369
0,1.0000000116860974e-07,111549,0.014158898964524269,
0,,111549,,0.014448423869907856
0,1.0000000116860974e-07,111599,0.014197500422596931,
0,,111599,,0.014448496513068676
0,1.0000000116860974e-07,111649,0.014398323372006416,
0,,111649,,0.014447362162172794
0,1.0000000116860974e-07,111699,0.01402350515127182,
0,,111699,,0.014447953552007675
0,1.0000000116860974e-07,111749,0.01460745558142662,
0,,111749,,0.014447120949625969
0,1.0000000116860974e-07,111799,0.014033211395144463,
0,,111799,,0.014445425942540169
0,1.0000000116860974e-07,111849,0.014168117195367813,
0,,111849,,0.014444312080740929
0,1.0000000116860974e-07,111899,0.014381100423634052,
0,,111899,,0.014444034546613693
0,1.0000000116860974e-07,111949,0.01424618624150753,
0,,111949,,0.014443513005971909
0,1.0000000116860974e-07,111999,0.014296666719019413,
0,,111999,,0.014444615691900253
0,1.0000000116860974e-07,112049,0.014591967687010765,
0,,112049,,0.01444557961076498
0,1.0000000116860974e-07,112099,0.014582403935492039,
0,,112099,,0.014443466439843178
0,1.0000000116860974e-07,112149,0.014134875498712063,
0,,112149,,0.014444765634834766
0,1.0000000116860974e-07,112199,0.01440789457410574,
0,,112199,,0.01444142684340477
0,1.0000000116860974e-07,112249,0.014631043188273907,
0,,112249,,0.014442411251366138
0,1.0000000116860974e-07,112299,0.014050230383872986,
0,,112299,,0.014441295526921749
0,1.0000000116860974e-07,112349,0.014489945024251938,
0,,112349,,0.014440787024796009
0,1.0000000116860974e-07,112399,0.014987191185355186,
0,,112399,,0.014439553022384644
0,1.0000000116860974e-07,112449,0.014342211186885834,
0,,112449,,0.014440133236348629
0,1.0000000116860974e-07,112499,0.01434456929564476,
0,,112499,,0.01443926990032196
0,1.0000000116860974e-07,112549,0.014378833584487438,
0,,112549,,0.014438855461776257
0,1.0000000116860974e-07,112599,0.014015980064868927,
0,,112599,,0.014439104124903679
0,1.0000000116860974e-07,112649,0.014263206161558628,
0,,112649,,0.0144383879378438
0,1.0000000116860974e-07,112699,0.014612865634262562,
0,,112699,,0.014437294565141201
0,1.0000000116860974e-07,112749,0.014399534091353416,
0,,112749,,0.0144382044672966
0,1.0000000116860974e-07,112799,0.014237388968467712,
0,,112799,,0.014438102953135967
0,1.0000000116860974e-07,112849,0.014035973697900772,
0,,112849,,0.014437954872846603
0,1.0000000116860974e-07,112899,0.014648889191448689,
0,,112899,,0.014440871775150299
0,1.0000000116860974e-07,112949,0.014489653520286083,
0,,112949,,0.014438999816775322
0,1.0000000116860974e-07,112999,0.0143128652125597,
0,,112999,,0.014438355341553688
0,1.0000000116860974e-07,113049,0.0144496513530612,
0,,113049,,0.014437404461205006
0,1.0000000116860974e-07,113099,0.01396919321268797,
0,,113099,,0.014435986988246441
0,1.0000000116860974e-07,113149,0.014346202835440636,
0,,113149,,0.014435451477766037
0,1.0000000116860974e-07,113199,0.01491495594382286,
0,,113199,,0.014435019344091415
0,1.0000000116860974e-07,113249,0.01422121375799179,
0,,113249,,0.014435299672186375
0,1.0000000116860974e-07,113299,0.014328807592391968,
0,,113299,,0.01443598885089159
0,1.0000000116860974e-07,113349,0.014436880126595497,
0,,113349,,0.014433673582971096
0,1.0000000116860974e-07,113399,0.014203199185431004,
0,,113399,,0.014433261938393116
0,1.0000000116860974e-07,113449,0.014738134108483791,
0,,113449,,0.014434155076742172
0,1.0000000116860974e-07,113499,0.014319648034870625,
0,,113499,,0.014433386735618114
0,1.0000000116860974e-07,113549,0.014223450794816017,
0,,113549,,0.014432570897042751
0,1.0000000116860974e-07,113599,0.014219852164387703,
0,,113599,,0.014431913383305073
0,1.0000000116860974e-07,113649,0.014325671829283237,
0,,113649,,0.014432058669626713
0,1.0000000116860974e-07,113699,0.014392959885299206,
0,,113699,,0.01443187240511179
0,1.0000000116860974e-07,113749,0.014174857176840305,
0,,113749,,0.014429748058319092
0,1.0000000116860974e-07,113799,0.014259492047131062,
0,,113799,,0.014430046081542969
0,1.0000000116860974e-07,113849,0.014192622154951096,
0,,113849,,0.014430103823542595
0,1.0000000116860974e-07,113899,0.01418605912476778,
0,,113899,,0.014430290088057518
0,1.0000000116860974e-07,113949,0.014068016782402992,
0,,113949,,0.014430351555347443
0,1.0000000116860974e-07,113999,0.014929241500794888,
0,,113999,,0.014428570866584778
0,1.0000000116860974e-07,114049,0.014413056895136833,
0,,114049,,0.014428614638745785
0,1.0000000116860974e-07,114099,0.014500060118734837,
0,,114099,,0.014427625574171543
0,1.0000000116860974e-07,114149,0.014433064498007298,
0,,114149,,0.014428453519940376
0,1.0000000116860974e-07,114199,0.014506109990179539,
0,,114199,,0.01443150918930769
0,1.0000000116860974e-07,114249,0.014543307013809681,
0,,114249,,0.014427763409912586
0,1.0000000116860974e-07,114299,0.014606719836592674,
0,,114299,,0.01442716270685196
0,1.0000000116860974e-07,114349,0.014333420433104038,
0,,114349,,0.014426036737859249
0,1.0000000116860974e-07,114399,0.014154777862131596,
0,,114399,,0.01442538108676672
0,1.0000000116860974e-07,114449,0.014547847211360931,
0,,114449,,0.01442593615502119
0,1.0000000116860974e-07,114499,0.014678774401545525,
0,,114499,,0.014425775036215782
0,1.0000000116860974e-07,114549,0.013967832550406456,
0,,114549,,0.014424663968384266
0,1.0000000116860974e-07,114599,0.014156322926282883,
0,,114599,,0.014424217864871025
0,1.0000000116860974e-07,114649,0.014285236597061157,
0,,114649,,0.01442352868616581
0,1.0000000116860974e-07,114699,0.014218333177268505,
0,,114699,,0.01442378293722868
0,1.0000000116860974e-07,114749,0.014270971529185772,
0,,114749,,0.01442275196313858
0,1.0000000116860974e-07,114799,0.014817005954682827,
0,,114799,,0.014422915875911713
0,1.0000000116860974e-07,114849,0.014645670540630817,
0,,114849,,0.014422519132494926
0,1.0000000116860974e-07,114899,0.014233240857720375,
0,,114899,,0.01442200317978859
0,1.0000000116860974e-07,114949,0.014555532485246658,
0,,114949,,0.014420784078538418
0,1.0000000116860974e-07,114999,0.014460742473602295,
0,,114999,,0.014420634135603905
0,1.0000000116860974e-07,115049,0.01486477255821228,
0,,115049,,0.014421643689274788
0,1.0000000116860974e-07,115099,0.014230170287191868,
0,,115099,,0.014420363120734692
0,1.0000000116860974e-07,115149,0.014339620247483253,
0,,115149,,0.01442085113376379
0,1.0000000116860974e-07,115199,0.014434251002967358,
0,,115199,,0.014421269297599792
0,1.0000000116860974e-07,115249,0.014345004223287106,
0,,115249,,0.014419511891901493
0,1.0000000116860974e-07,115299,0.014537079259753227,
0,,115299,,0.014418968930840492
0,1.0000000116860974e-07,115349,0.014453716576099396,
0,,115349,,0.014418980106711388
0,1.0000000116860974e-07,115399,0.014278989285230637,
0,,115399,,0.014418414793908596
0,1.0000000116860974e-07,115449,0.014594714157283306,
0,,115449,,0.014418516308069229
0,1.0000000116860974e-07,115499,0.014121249318122864,
0,,115499,,0.014417422004044056
0,1.0000000116860974e-07,115549,0.014340943656861782,
0,,115549,,0.014418362639844418
0,1.0000000116860974e-07,115599,0.014345027506351471,
0,,115599,,0.014420147985219955
0,1.0000000116860974e-07,115649,0.014490842819213867,
0,,115649,,0.014418167993426323
0,1.0000000116860974e-07,115699,0.014432490803301334,
0,,115699,,0.014416851103305817
0,1.0000000116860974e-07,115749,0.014389983378350735,
0,,115749,,0.014417530968785286
0,1.0000000116860974e-07,115799,0.013981765136122704,
0,,115799,,0.014416255988180637
0,1.0000000116860974e-07,115849,0.014604180119931698,
0,,115849,,0.014416257850825787
0,1.0000000116860974e-07,115899,0.014394589699804783,
0,,115899,,0.014416256919503212
0,1.0000000116860974e-07,115949,0.014525407925248146,
0,,115949,,0.014415387064218521
0,1.0000000116860974e-07,115999,0.014152436517179012,
0,,115999,,0.014415421523153782
0,1.0000000116860974e-07,116049,0.014086233451962471,
0,,116049,,0.014413902536034584
0,1.0000000116860974e-07,116099,0.014473574236035347,
0,,116099,,0.014413787052035332
0,1.0000000116860974e-07,116149,0.01405411772429943,
0,,116149,,0.014415308833122253
0,1.0000000116860974e-07,116199,0.013804657384753227,
0,,116199,,0.014413649216294289
0,1.0000000116860974e-07,116249,0.014177944511175156,
0,,116249,,0.014413410797715187
0,1.0000000116860974e-07,116299,0.014408914372324944,
0,,116299,,0.014412089250981808
0,1.0000000116860974e-07,116349,0.014350788667798042,
0,,116349,,0.014411676675081253
0,1.0000000116860974e-07,116399,0.014191622845828533,
0,,116399,,0.01441238634288311
0,1.0000000116860974e-07,116449,0.014396009966731071,
0,,116449,,0.014413038268685341
0,1.0000000116860974e-07,116499,0.0145346624776721,
0,,116499,,0.01441084872931242
0,1.0000000116860974e-07,116549,0.014474091120064259,
0,,116549,,0.014413658529520035
0,1.0000000116860974e-07,116599,0.014128047972917557,
0,,116599,,0.014410759322345257
0,1.0000000116860974e-07,116649,0.014055498875677586,
0,,116649,,0.014409342780709267
0,1.0000000116860974e-07,116699,0.01427981536835432,
0,,116699,,0.014409038238227367
0,1.0000000116860974e-07,116749,0.014542577788233757,
0,,116749,,0.014409889467060566
0,1.0000000116860974e-07,116799,0.014302556402981281,
0,,116799,,0.014409597963094711
0,1.0000000116860974e-07,116849,0.014336690306663513,
0,,116849,,0.014407345093786716
0,1.0000000116860974e-07,116899,0.014239211566746235,
0,,116899,,0.014407574199140072
0,1.0000000116860974e-07,116949,0.014470299705862999,
0,,116949,,0.014406980015337467
0,1.0000000116860974e-07,116999,0.01446911133825779,
0,,116999,,0.014407352544367313
0,1.0000000116860974e-07,117049,0.014168491587042809,
0,,117049,,0.014408458955585957
0,1.0000000116860974e-07,117099,0.014433003030717373,
0,,117099,,0.014407796785235405
0,1.0000000116860974e-07,117149,0.01429967861622572,
0,,117149,,0.014406540431082249
0,1.0000000116860974e-07,117199,0.014430033974349499,
0,,117199,,0.014405160211026669
0,1.0000000116860974e-07,117249,0.014007587917149067,
0,,117249,,0.014407283626496792
0,1.0000000116860974e-07,117299,0.014431429095566273,
0,,117299,,0.014405790716409683
0,1.0000000116860974e-07,117349,0.014296110719442368,
0,,117349,,0.01440349780023098
0,1.0000000116860974e-07,117399,0.014707200229167938,
0,,117399,,0.014403221197426319
0,1.0000000116860974e-07,117449,0.01441575214266777,
0,,117449,,0.01440379023551941
0,1.0000000116860974e-07,117499,0.01440455298870802,
0,,117499,,0.014404132030904293
0,1.0000000116860974e-07,117549,0.013933856040239334,
0,,117549,,0.014403278939425945
0,1.0000000116860974e-07,117599,0.01471553836017847,
0,,117599,,0.014403721317648888
0,1.0000000116860974e-07,117649,0.01438317820429802,
0,,117649,,0.014402064494788647
0,1.0000000116860974e-07,117699,0.014361354522407055,
0,,117699,,0.014402423985302448
0,1.0000000116860974e-07,117749,0.014855481684207916,
0,,117749,,0.014401141554117203
0,1.0000000116860974e-07,117799,0.014222393743693829,
0,,117799,,0.014400146901607513
0,1.0000000116860974e-07,117849,0.014372050762176514,
0,,117849,,0.014399725943803787
0,1.0000000116860974e-07,117899,0.014297029934823513,
0,,117899,,0.014400394633412361
0,1.0000000116860974e-07,117949,0.014484834857285023,
0,,117949,,0.01439949031919241
0,1.0000000116860974e-07,117999,0.014141630381345749,
0,,117999,,0.014399722218513489
0,1.0000000116860974e-07,118049,0.014313357882201672,
0,,118049,,0.014398830942809582
0,1.0000000116860974e-07,118099,0.014522622339427471,
0,,118099,,0.014401059597730637
0,1.0000000116860974e-07,118149,0.013938813470304012,
0,,118149,,0.014400060288608074
0,1.0000000116860974e-07,118199,0.014068584889173508,
0,,118199,,0.014399455860257149
0,1.0000000116860974e-07,118249,0.01461594644933939,
0,,118249,,0.014398573897778988
0,1.0000000116860974e-07,118299,0.014031718485057354,
0,,118299,,0.014396710321307182
0,1.0000000116860974e-07,118349,0.014479575678706169,
0,,118349,,0.014397304505109787
0,1.0000000116860974e-07,118399,0.013989096507430077,
0,,118399,,0.014396208338439465
0,1.0000000116860974e-07,118449,0.014409598894417286,
0,,118449,,0.014396274462342262
0,1.0000000116860974e-07,118499,0.014302758499979973,
0,,118499,,0.014397294260561466
0,1.0000000116860974e-07,118549,0.01429749745875597,
0,,118549,,0.014395264908671379
0,1.0000000116860974e-07,118599,0.01421260740607977,
0,,118599,,0.014396734535694122
0,1.0000000116860974e-07,118649,0.014094378799200058,
0,,118649,,0.014395064674317837
0,1.0000000116860974e-07,118699,0.014519641175866127,
0,,118699,,0.014394920319318771
0,1.0000000116860974e-07,118749,0.014163125306367874,
0,,118749,,0.014395146630704403
0,1.0000000116860974e-07,118799,0.014130878262221813,
0,,118799,,0.014393185265362263
0,1.0000000116860974e-07,118849,0.01445021666586399,
0,,118849,,0.014393818564713001
0,1.0000000116860974e-07,118899,0.014187131077051163,
0,,118899,,0.01439463160932064
0,1.0000000116860974e-07,118949,0.01435445062816143,
0,,118949,,0.01439313031733036
0,1.0000000116860974e-07,118999,0.014257662929594517,
0,,118999,,0.014393361285328865
0,1.0000000116860974e-07,119049,0.014356051571667194,
0,,119049,,0.014392819255590439
0,1.0000000116860974e-07,119099,0.014562073163688183,
0,,119099,,0.014391321688890457
0,1.0000000116860974e-07,119149,0.014052510261535645,
0,,119149,,0.014390978962182999
0,1.0000000116860974e-07,119199,0.013991289772093296,
0,,119199,,0.014391583390533924
0,1.0000000116860974e-07,119249,0.014479528181254864,
0,,119249,,0.014390193857252598
0,1.0000000116860974e-07,119299,0.014163265004754066,
0,,119299,,0.01439086813479662
0,1.0000000116860974e-07,119349,0.01432796847075224,
0,,119349,,0.014389322139322758
0,1.0000000116860974e-07,119399,0.014503560960292816,
0,,119399,,0.014389822259545326
0,1.0000000116860974e-07,119449,0.01425894070416689,
0,,119449,,0.014389535412192345
0,1.0000000116860974e-07,119499,0.014412506483495235,
0,,119499,,0.014388048090040684
0,1.0000000116860974e-07,119549,0.013967412523925304,
0,,119549,,0.014387587085366249
0,1.0000000116860974e-07,119599,0.014322915114462376,
0,,119599,,0.014389234595000744
0,1.0000000116860974e-07,119649,0.014315146952867508,
0,,119649,,0.014386875554919243
0,1.0000000116860974e-07,119699,0.014633790589869022,
0,,119699,,0.014386487193405628
0,1.0000000116860974e-07,119749,0.014363347552716732,
0,,119749,,0.014386406168341637
0,1.0000000116860974e-07,119799,0.014572838321328163,
0,,119799,,0.014385759830474854
0,1.0000000116860974e-07,119849,0.014394409954547882,
0,,119849,,0.014386363327503204
0,1.0000000116860974e-07,119899,0.014291469007730484,
0,,119899,,0.014385770075023174
0,1.0000000116860974e-07,119949,0.014154093340039253,
0,,119949,,0.014383958652615547
0,1.0000000116860974e-07,119999,0.014319413341581821,
0,,119999,,0.0143854059278965
